user_id,event_time,event_name,device,acquisition_channel,course_category,signup_date
U0157,2026-09-01 08:54:00,visit,pc,search,business,2026-09-01
U0157,2026-09-01 08:58:00,view_course,pc,search,business,2026-09-01
U0157,2026-09-01 09:11:00,start_trial,pc,search,business,2026-09-01
U0157,2026-09-01 09:28:00,start_lesson,pc,search,business,2026-09-01
U0109,2026-09-01 09:30:00,visit,mobile,referral,data,2026-09-01
U0109,2026-09-01 09:42:00,view_course,mobile,referral,data,2026-09-01
U0197,2026-09-01 10:48:00,visit,mobile,ad,data,2026-09-01
U0197,2026-09-01 10:50:00,view_course,mobile,ad,data,2026-09-01
U0197,2026-09-01 11:07:00,start_trial,mobile,ad,data,2026-09-01
U0085,2026-09-01 11:12:00,visit,mobile,ad,programming,2026-09-01
U0221,2026-09-01 11:18:00,visit,mobile,ad,data,2026-09-01
U0037,2026-09-01 12:00:00,visit,mobile,ad,programming,2026-09-01
U0037,2026-09-01 12:02:00,view_course,mobile,ad,programming,2026-09-01
U0257,2026-09-01 12:20:00,visit,pc,ad,programming,2026-09-01
U0257,2026-09-01 12:31:00,view_course,pc,ad,programming,2026-09-01
U0093,2026-09-01 12:37:00,visit,mobile,search,programming,2026-09-01
U0093,2026-09-01 12:51:00,view_course,mobile,search,programming,2026-09-01
U0093,2026-09-01 13:00:00,start_trial,mobile,search,programming,2026-09-01
U0093,2026-09-01 13:07:00,start_lesson,mobile,search,programming,2026-09-01
U0017,2026-09-01 13:16:00,visit,mobile,ad,business,2026-09-01
U0017,2026-09-01 13:23:00,view_course,mobile,ad,business,2026-09-01
U0093,2026-09-01 13:35:00,complete_lesson,mobile,search,programming,2026-09-01
U0017,2026-09-01 13:42:00,view_course,mobile,ad,business,2026-09-01
U0045,2026-09-01 14:21:00,visit,mobile,search,data,2026-09-01
U0045,2026-09-01 14:24:00,view_course,mobile,search,data,2026-09-01
U0005,2026-09-01 14:40:00,visit,mobile,search,data,2026-09-01
U0005,2026-09-01 14:52:00,view_course,mobile,search,data,2026-09-01
U0253,2026-09-01 15:15:00,visit,mobile,referral,programming,2026-09-01
U0253,2026-09-01 15:20:00,view_course,mobile,referral,programming,2026-09-01
U0097,2026-09-01 15:50:00,visit,pc,ad,programming,2026-09-01
U0097,2026-09-01 15:53:00,view_course,pc,ad,programming,2026-09-01
U0097,2026-09-01 16:02:00,start_trial,pc,ad,programming,2026-09-01
U0097,2026-09-01 16:12:00,start_lesson,pc,ad,programming,2026-09-01
U0081,2026-09-01 16:19:00,visit,pc,search,business,2026-09-01
U0081,2026-09-01 16:26:00,view_course,pc,search,business,2026-09-01
U0081,2026-09-01 16:42:00,start_trial,pc,search,business,2026-09-01
U0081,2026-09-01 16:55:00,start_lesson,pc,search,business,2026-09-01
U0097,2026-09-01 17:07:00,complete_lesson,pc,ad,programming,2026-09-01
U0081,2026-09-01 17:47:00,complete_lesson,pc,search,business,2026-09-01
U0081,2026-09-01 17:55:00,subscribe,pc,search,business,2026-09-01
U0001,2026-09-01 18:12:00,visit,mobile,referral,programming,2026-09-01
U0193,2026-09-01 19:15:00,visit,pc,ad,data,2026-09-01
U0193,2026-09-01 19:17:00,view_course,pc,ad,data,2026-09-01
U0193,2026-09-01 19:21:00,view_course,pc,ad,data,2026-09-01
U0201,2026-09-01 19:44:00,visit,pc,ad,data,2026-09-01
U0201,2026-09-01 19:53:00,view_course,pc,ad,data,2026-09-01
U0201,2026-09-01 19:55:00,start_trial,pc,ad,data,2026-09-01
U0201,2026-09-01 20:12:00,start_lesson,pc,ad,data,2026-09-01
U0121,2026-09-01 20:28:00,visit,pc,ad,data,2026-09-01
U0089,2026-09-01 20:34:00,visit,mobile,ad,business,2026-09-01
U0121,2026-09-01 20:39:00,view_course,pc,ad,data,2026-09-01
U0173,2026-09-01 20:39:00,visit,mobile,ad,data,2026-09-01
U0121,2026-09-01 20:45:00,view_course,pc,ad,data,2026-09-01
U0089,2026-09-01 20:46:00,view_course,mobile,ad,business,2026-09-01
U0121,2026-09-01 20:49:00,start_trial,pc,ad,data,2026-09-01
U0173,2026-09-01 20:49:00,view_course,mobile,ad,data,2026-09-01
U0173,2026-09-01 20:53:00,start_trial,mobile,ad,data,2026-09-01
U0089,2026-09-01 20:56:00,view_course,mobile,ad,business,2026-09-01
U0173,2026-09-01 20:58:00,start_lesson,mobile,ad,data,2026-09-01
U0173,2026-09-01 21:00:00,view_course,mobile,ad,data,2026-09-01
U0121,2026-09-01 21:11:00,start_lesson,pc,ad,data,2026-09-01
U0129,2026-09-01 21:30:00,visit,mobile,ad,business,2026-09-01
U0129,2026-09-01 21:35:00,view_course,mobile,ad,business,2026-09-01
U0129,2026-09-01 21:37:00,start_trial,mobile,ad,business,2026-09-01
U0129,2026-09-01 21:43:00,start_lesson,mobile,ad,business,2026-09-01
U0173,2026-09-01 21:49:00,complete_lesson,mobile,ad,data,2026-09-01
U0121,2026-09-01 21:58:00,complete_lesson,pc,ad,data,2026-09-01
U0173,2026-09-01 22:08:00,subscribe,mobile,ad,data,2026-09-01
U0097,2026-09-02 04:50:00,share,pc,ad,programming,2026-09-01
U0153,2026-09-02 08:36:00,visit,pc,ad,programming,2026-09-02
U0153,2026-09-02 08:38:00,view_course,pc,ad,programming,2026-09-02
U0177,2026-09-02 08:45:00,visit,pc,ad,programming,2026-09-02
U0177,2026-09-02 08:49:00,view_course,pc,ad,programming,2026-09-02
U0177,2026-09-02 09:01:00,start_trial,pc,ad,programming,2026-09-02
U0177,2026-09-02 09:05:00,start_lesson,pc,ad,programming,2026-09-02
U0125,2026-09-02 09:15:00,visit,mobile,ad,business,2026-09-02
U0125,2026-09-02 09:25:00,view_course,mobile,ad,business,2026-09-02
U0125,2026-09-02 09:39:00,start_trial,mobile,ad,business,2026-09-02
U0125,2026-09-02 09:44:00,view_course,mobile,ad,business,2026-09-02
U0177,2026-09-02 09:56:00,complete_lesson,pc,ad,programming,2026-09-02
U0125,2026-09-02 10:00:00,start_lesson,mobile,ad,business,2026-09-02
U0177,2026-09-02 10:06:00,subscribe,pc,ad,programming,2026-09-02
U0125,2026-09-02 10:40:00,complete_lesson,mobile,ad,business,2026-09-02
U0209,2026-09-02 10:49:00,visit,mobile,ad,programming,2026-09-02
U0209,2026-09-02 11:01:00,view_course,mobile,ad,programming,2026-09-02
U0209,2026-09-02 11:19:00,start_trial,mobile,ad,programming,2026-09-02
U0209,2026-09-02 11:22:00,start_lesson,mobile,ad,programming,2026-09-02
U0209,2026-09-02 11:43:00,complete_lesson,mobile,ad,programming,2026-09-02
U0185,2026-09-02 12:15:00,visit,mobile,ad,data,2026-09-02
U0133,2026-09-02 12:17:00,visit,mobile,search,data,2026-09-02
U0185,2026-09-02 12:22:00,view_course,mobile,ad,data,2026-09-02
U0185,2026-09-02 12:28:00,view_course,mobile,ad,data,2026-09-02
U0217,2026-09-02 12:30:00,visit,mobile,referral,programming,2026-09-02
U0217,2026-09-02 12:37:00,view_course,mobile,referral,programming,2026-09-02
U0013,2026-09-02 12:39:00,visit,mobile,search,business,2026-09-02
U0185,2026-09-02 12:40:00,start_trial,mobile,ad,data,2026-09-02
U0185,2026-09-02 12:48:00,start_lesson,mobile,ad,data,2026-09-02
U0217,2026-09-02 12:51:00,start_trial,mobile,referral,programming,2026-09-02
U0013,2026-09-02 12:52:00,view_course,mobile,search,business,2026-09-02
U0013,2026-09-02 12:55:00,start_trial,mobile,search,business,2026-09-02
U0057,2026-09-02 13:32:00,visit,mobile,ad,programming,2026-09-02
U0057,2026-09-02 13:43:00,view_course,mobile,ad,programming,2026-09-02
U0057,2026-09-02 13:59:00,view_course,mobile,ad,programming,2026-09-02
U0021,2026-09-02 14:32:00,visit,pc,ad,data,2026-09-02
U0009,2026-09-02 14:37:00,visit,pc,ad,programming,2026-09-02
U0009,2026-09-02 14:39:00,view_course,pc,ad,programming,2026-09-02
U0077,2026-09-02 14:39:00,visit,pc,search,data,2026-09-02
U0077,2026-09-02 14:43:00,view_course,pc,search,data,2026-09-02
U0009,2026-09-02 14:44:00,view_course,pc,ad,programming,2026-09-02
U0017,2026-09-02 14:44:00,visit,mobile,ad,business,2026-09-01
U0009,2026-09-02 14:49:00,start_trial,pc,ad,programming,2026-09-02
U0117,2026-09-02 14:50:00,visit,pc,ad,business,2026-09-02
U0017,2026-09-02 14:53:00,view_course,mobile,ad,business,2026-09-01
U0077,2026-09-02 14:58:00,start_trial,pc,search,data,2026-09-02
U0009,2026-09-02 15:10:00,start_lesson,pc,ad,programming,2026-09-02
U0033,2026-09-02 15:21:00,visit,mobile,ad,programming,2026-09-02
U0033,2026-09-02 15:33:00,view_course,mobile,ad,programming,2026-09-02
U0181,2026-09-02 15:49:00,visit,pc,ad,data,2026-09-02
U0105,2026-09-02 16:15:00,visit,pc,referral,business,2026-09-02
U0105,2026-09-02 16:17:00,view_course,pc,referral,business,2026-09-02
U0105,2026-09-02 16:23:00,view_course,pc,referral,business,2026-09-02
U0169,2026-09-02 17:21:00,visit,mobile,referral,data,2026-09-02
U0169,2026-09-02 17:24:00,view_course,mobile,referral,data,2026-09-02
U0169,2026-09-02 17:31:00,start_trial,mobile,referral,data,2026-09-02
U0169,2026-09-02 17:40:00,start_lesson,mobile,referral,data,2026-09-02
U0149,2026-09-02 18:11:00,visit,mobile,search,programming,2026-09-02
U0233,2026-09-02 18:24:00,visit,pc,referral,programming,2026-09-02
U0149,2026-09-02 18:25:00,view_course,mobile,search,programming,2026-09-02
U0149,2026-09-02 18:29:00,start_trial,mobile,search,programming,2026-09-02
U0149,2026-09-02 18:36:00,view_course,mobile,search,programming,2026-09-02
U0149,2026-09-02 18:37:00,start_lesson,mobile,search,programming,2026-09-02
U0029,2026-09-02 18:48:00,visit,pc,referral,data,2026-09-02
U0029,2026-09-02 18:59:00,view_course,pc,referral,data,2026-09-02
U0029,2026-09-02 19:02:00,view_course,pc,referral,data,2026-09-02
U0065,2026-09-02 19:12:00,visit,pc,ad,business,2026-09-02
U0089,2026-09-02 20:51:00,visit,mobile,ad,business,2026-09-01
U0089,2026-09-02 21:12:00,start_lesson,mobile,ad,business,2026-09-01
U0249,2026-09-02 21:34:00,visit,mobile,ad,data,2026-09-02
U0249,2026-09-02 21:36:00,view_course,mobile,ad,data,2026-09-02
U0249,2026-09-02 21:40:00,start_trial,mobile,ad,data,2026-09-02
U0181,2026-09-02 21:49:00,share,pc,ad,data,2026-09-02
U0249,2026-09-02 21:49:00,view_course,mobile,ad,data,2026-09-02
U0249,2026-09-02 21:53:00,start_lesson,mobile,ad,data,2026-09-02
U0249,2026-09-02 22:17:00,complete_lesson,mobile,ad,data,2026-09-02
U0201,2026-09-02 22:31:00,visit,pc,ad,data,2026-09-01
U0201,2026-09-02 22:56:00,start_lesson,pc,ad,data,2026-09-01
U0153,2026-09-03 07:59:00,visit,pc,ad,programming,2026-09-02
U0153,2026-09-03 08:08:00,view_course,pc,ad,programming,2026-09-02
U0061,2026-09-03 08:12:00,visit,mobile,ad,business,2026-09-03
U0205,2026-09-03 08:16:00,visit,mobile,ad,data,2026-09-03
U0205,2026-09-03 08:19:00,view_course,mobile,ad,data,2026-09-03
U0177,2026-09-03 09:30:00,visit,pc,ad,programming,2026-09-02
U0213,2026-09-03 09:32:00,visit,pc,search,programming,2026-09-03
U0213,2026-09-03 09:33:00,view_course,pc,search,programming,2026-09-03
U0213,2026-09-03 09:42:00,view_course,pc,search,programming,2026-09-03
U0041,2026-09-03 10:17:00,visit,pc,referral,business,2026-09-03
U0073,2026-09-03 10:25:00,visit,mobile,referral,data,2026-09-03
U0073,2026-09-03 10:29:00,view_course,mobile,referral,data,2026-09-03
U0041,2026-09-03 10:31:00,view_course,pc,referral,business,2026-09-03
U0041,2026-09-03 10:46:00,start_trial,pc,referral,business,2026-09-03
U0189,2026-09-03 10:59:00,visit,mobile,search,data,2026-09-03
U0041,2026-09-03 11:02:00,start_lesson,pc,referral,business,2026-09-03
U0189,2026-09-03 11:10:00,view_course,mobile,search,data,2026-09-03
U0189,2026-09-03 11:22:00,start_trial,mobile,search,data,2026-09-03
U0189,2026-09-03 11:23:00,view_course,mobile,search,data,2026-09-03
U0013,2026-09-03 11:28:00,visit,mobile,search,business,2026-09-02
U0013,2026-09-03 11:39:00,view_course,mobile,search,business,2026-09-02
U0141,2026-09-03 11:41:00,visit,pc,search,data,2026-09-03
U0189,2026-09-03 11:42:00,start_lesson,mobile,search,data,2026-09-03
U0141,2026-09-03 11:49:00,view_course,pc,search,data,2026-09-03
U0141,2026-09-03 11:55:00,start_trial,pc,search,data,2026-09-03
U0041,2026-09-03 12:00:00,complete_lesson,pc,referral,business,2026-09-03
U0141,2026-09-03 12:24:00,start_lesson,pc,search,data,2026-09-03
U0229,2026-09-03 12:40:00,visit,mobile,search,programming,2026-09-03
U0053,2026-09-03 12:46:00,visit,pc,ad,data,2026-09-03
U0053,2026-09-03 12:49:00,view_course,pc,ad,data,2026-09-03
U0229,2026-09-03 12:53:00,view_course,mobile,search,programming,2026-09-03
U0053,2026-09-03 13:05:00,view_course,pc,ad,data,2026-09-03
U0229,2026-09-03 13:11:00,view_course,mobile,search,programming,2026-09-03
U0025,2026-09-03 13:21:00,visit,pc,ad,business,2026-09-03
U0025,2026-09-03 13:32:00,view_course,pc,ad,business,2026-09-03
U0237,2026-09-03 13:40:00,visit,pc,referral,business,2026-09-03
U0241,2026-09-03 13:42:00,visit,mobile,search,programming,2026-09-03
U0237,2026-09-03 13:47:00,view_course,pc,referral,business,2026-09-03
U0241,2026-09-03 13:52:00,view_course,mobile,search,programming,2026-09-03
U0241,2026-09-03 14:00:00,start_trial,mobile,search,programming,2026-09-03
U0145,2026-09-03 14:01:00,visit,pc,search,data,2026-09-03
U0237,2026-09-03 14:03:00,start_trial,pc,referral,business,2026-09-03
U0117,2026-09-03 14:05:00,visit,pc,ad,business,2026-09-02
U0145,2026-09-03 14:07:00,view_course,pc,search,data,2026-09-03
U0117,2026-09-03 14:14:00,view_course,pc,ad,business,2026-09-02
U0145,2026-09-03 14:16:00,view_course,pc,search,data,2026-09-03
U0049,2026-09-03 14:17:00,visit,mobile,referral,data,2026-09-03
U0049,2026-09-03 14:18:00,view_course,mobile,referral,data,2026-09-03
U0241,2026-09-03 14:21:00,start_lesson,mobile,search,programming,2026-09-03
U0145,2026-09-03 14:26:00,start_trial,pc,search,data,2026-09-03
U0237,2026-09-03 14:27:00,start_lesson,pc,referral,business,2026-09-03
U0049,2026-09-03 14:28:00,start_trial,mobile,referral,data,2026-09-03
U0049,2026-09-03 14:32:00,start_lesson,mobile,referral,data,2026-09-03
U0145,2026-09-03 14:32:00,start_lesson,pc,search,data,2026-09-03
U0049,2026-09-03 14:37:00,view_course,mobile,referral,data,2026-09-03
U0077,2026-09-03 14:41:00,visit,pc,search,data,2026-09-02
U0241,2026-09-03 14:44:00,complete_lesson,mobile,search,programming,2026-09-03
U0077,2026-09-03 14:47:00,view_course,pc,search,data,2026-09-02
U0245,2026-09-03 14:52:00,visit,mobile,ad,business,2026-09-03
U0049,2026-09-03 14:54:00,complete_lesson,mobile,referral,data,2026-09-03
U0077,2026-09-03 14:58:00,start_lesson,pc,search,data,2026-09-02
U0245,2026-09-03 15:02:00,view_course,mobile,ad,business,2026-09-03
U0049,2026-09-03 15:13:00,subscribe,mobile,referral,data,2026-09-03
U0137,2026-09-03 15:18:00,visit,mobile,referral,programming,2026-09-03
U0245,2026-09-03 15:18:00,start_trial,mobile,ad,business,2026-09-03
U0145,2026-09-03 15:20:00,complete_lesson,pc,search,data,2026-09-03
U0057,2026-09-03 15:32:00,visit,mobile,ad,programming,2026-09-02
U0057,2026-09-03 15:42:00,start_lesson,mobile,ad,programming,2026-09-02
U0101,2026-09-03 15:44:00,visit,mobile,search,data,2026-09-03
U0113,2026-09-03 17:04:00,visit,mobile,search,programming,2026-09-03
U0105,2026-09-03 17:05:00,visit,pc,referral,business,2026-09-02
U0113,2026-09-03 17:07:00,view_course,mobile,search,programming,2026-09-03
U0105,2026-09-03 17:09:00,view_course,pc,referral,business,2026-09-02
U0105,2026-09-03 17:10:00,start_lesson,pc,referral,business,2026-09-02
U0113,2026-09-03 17:11:00,start_trial,mobile,search,programming,2026-09-03
U0113,2026-09-03 17:16:00,view_course,mobile,search,programming,2026-09-03
U0069,2026-09-03 18:08:00,visit,pc,search,data,2026-09-03
U0069,2026-09-03 18:12:00,view_course,pc,search,data,2026-09-03
U0225,2026-09-03 18:13:00,visit,mobile,referral,data,2026-09-03
U0225,2026-09-03 18:25:00,view_course,mobile,referral,data,2026-09-03
U0069,2026-09-03 18:26:00,start_trial,pc,search,data,2026-09-03
U0225,2026-09-03 18:35:00,view_course,mobile,referral,data,2026-09-03
U0069,2026-09-03 18:43:00,start_lesson,pc,search,data,2026-09-03
U0029,2026-09-03 19:52:00,visit,pc,referral,data,2026-09-02
U0029,2026-09-03 20:01:00,view_course,pc,referral,data,2026-09-02
U0165,2026-09-03 20:45:00,visit,mobile,ad,data,2026-09-03
U0161,2026-09-03 21:31:00,visit,pc,search,programming,2026-09-03
U0161,2026-09-03 21:38:00,view_course,pc,search,programming,2026-09-03
U0161,2026-09-03 21:41:00,view_course,pc,search,programming,2026-09-03
U0161,2026-09-03 21:42:00,start_trial,pc,search,programming,2026-09-03
U0161,2026-09-03 22:06:00,start_lesson,pc,search,programming,2026-09-03
U0137,2026-09-03 22:18:00,share,mobile,referral,programming,2026-09-03
U0161,2026-09-03 22:59:00,complete_lesson,pc,search,programming,2026-09-03
U0213,2026-09-04 00:32:00,share,pc,search,programming,2026-09-03
U0053,2026-09-04 00:46:00,share,pc,ad,data,2026-09-03
U0205,2026-09-04 06:23:00,visit,mobile,ad,data,2026-09-03
U0205,2026-09-04 06:30:00,view_course,mobile,ad,data,2026-09-03
U0237,2026-09-04 07:40:00,share,pc,referral,business,2026-09-03
U0141,2026-09-04 13:06:00,visit,pc,search,data,2026-09-03
U0049,2026-09-04 13:15:00,visit,mobile,referral,data,2026-09-03
U0049,2026-09-04 13:20:00,view_course,mobile,referral,data,2026-09-03
U0053,2026-09-04 13:45:00,visit,pc,ad,data,2026-09-03
U0053,2026-09-04 13:51:00,view_course,pc,ad,data,2026-09-03
U0229,2026-09-04 14:55:00,visit,mobile,search,programming,2026-09-03
U0229,2026-09-04 15:01:00,view_course,mobile,search,programming,2026-09-03
U0229,2026-09-04 15:24:00,start_lesson,mobile,search,programming,2026-09-03
U0069,2026-09-04 19:26:00,visit,pc,search,data,2026-09-03
U0069,2026-09-04 19:35:00,view_course,pc,search,data,2026-09-03
U0109,2026-09-08 09:06:00,visit,mobile,referral,data,2026-09-01
U0106,2026-09-08 10:04:00,visit,pc,referral,business,2026-09-08
U0106,2026-09-08 10:08:00,view_course,pc,referral,business,2026-09-08
U0106,2026-09-08 10:11:00,start_trial,pc,referral,business,2026-09-08
U0066,2026-09-08 10:55:00,visit,mobile,ad,programming,2026-09-08
U0066,2026-09-08 11:01:00,view_course,mobile,ad,programming,2026-09-08
U0198,2026-09-08 11:05:00,visit,pc,ad,programming,2026-09-08
U0198,2026-09-08 11:13:00,view_course,pc,ad,programming,2026-09-08
U0114,2026-09-08 11:17:00,visit,pc,search,programming,2026-09-08
U0114,2026-09-08 11:21:00,view_course,pc,search,programming,2026-09-08
U0114,2026-09-08 11:34:00,start_trial,pc,search,programming,2026-09-08
U0210,2026-09-08 11:35:00,visit,pc,search,data,2026-09-08
U0210,2026-09-08 11:37:00,view_course,pc,search,data,2026-09-08
U0114,2026-09-08 11:45:00,start_lesson,pc,search,programming,2026-09-08
U0085,2026-09-08 12:07:00,visit,mobile,ad,programming,2026-09-01
U0085,2026-09-08 12:26:00,start_lesson,mobile,ad,programming,2026-09-01
U0022,2026-09-08 12:30:00,visit,pc,search,programming,2026-09-08
U0114,2026-09-08 12:39:00,complete_lesson,pc,search,programming,2026-09-08
U0022,2026-09-08 12:43:00,view_course,pc,search,programming,2026-09-08
U0022,2026-09-08 12:56:00,start_trial,pc,search,programming,2026-09-08
U0254,2026-09-08 12:57:00,visit,pc,referral,data,2026-09-08
U0254,2026-09-08 13:03:00,view_course,pc,referral,data,2026-09-08
U0022,2026-09-08 13:18:00,start_lesson,pc,search,programming,2026-09-08
U0254,2026-09-08 13:19:00,start_trial,pc,referral,data,2026-09-08
U0010,2026-09-08 13:28:00,visit,mobile,search,business,2026-09-08
U0010,2026-09-08 13:29:00,view_course,mobile,search,business,2026-09-08
U0010,2026-09-08 13:32:00,start_trial,mobile,search,business,2026-09-08
U0254,2026-09-08 13:34:00,start_lesson,pc,referral,data,2026-09-08
U0194,2026-09-08 14:11:00,visit,pc,search,programming,2026-09-08
U0190,2026-09-08 14:12:00,visit,pc,referral,data,2026-09-08
U0093,2026-09-08 14:19:00,visit,mobile,search,programming,2026-09-01
U0254,2026-09-08 14:23:00,complete_lesson,pc,referral,data,2026-09-08
U0190,2026-09-08 14:25:00,view_course,pc,referral,data,2026-09-08
U0014,2026-09-08 14:30:00,visit,mobile,ad,business,2026-09-08
U0202,2026-09-08 14:30:00,visit,mobile,ad,data,2026-09-08
U0178,2026-09-08 14:31:00,visit,mobile,ad,data,2026-09-08
U0093,2026-09-08 14:33:00,view_course,mobile,search,programming,2026-09-01
U0178,2026-09-08 14:33:00,view_course,mobile,ad,data,2026-09-08
U0202,2026-09-08 14:33:00,view_course,mobile,ad,data,2026-09-08
U0054,2026-09-08 14:35:00,visit,pc,search,data,2026-09-08
U0093,2026-09-08 14:38:00,start_lesson,mobile,search,programming,2026-09-01
U0202,2026-09-08 14:39:00,start_trial,mobile,ad,data,2026-09-08
U0054,2026-09-08 14:40:00,view_course,pc,search,data,2026-09-08
U0178,2026-09-08 14:42:00,start_trial,mobile,ad,data,2026-09-08
U0014,2026-09-08 14:44:00,view_course,mobile,ad,business,2026-09-08
U0074,2026-09-08 14:45:00,visit,mobile,search,programming,2026-09-08
U0014,2026-09-08 14:46:00,view_course,mobile,ad,business,2026-09-08
U0014,2026-09-08 14:46:00,start_trial,mobile,ad,business,2026-09-08
U0074,2026-09-08 14:50:00,view_course,mobile,search,programming,2026-09-08
U0178,2026-09-08 14:50:00,view_course,mobile,ad,data,2026-09-08
U0202,2026-09-08 14:51:00,start_lesson,mobile,ad,data,2026-09-08
U0206,2026-09-08 14:51:00,visit,pc,ad,programming,2026-09-08
U0054,2026-09-08 14:53:00,start_trial,pc,search,data,2026-09-08
U0162,2026-09-08 14:54:00,visit,mobile,referral,business,2026-09-08
U0206,2026-09-08 14:58:00,view_course,pc,ad,programming,2026-09-08
U0054,2026-09-08 15:00:00,start_lesson,pc,search,data,2026-09-08
U0014,2026-09-08 15:07:00,start_lesson,mobile,ad,business,2026-09-08
U0206,2026-09-08 15:08:00,start_trial,pc,ad,programming,2026-09-08
U0014,2026-09-08 16:13:00,complete_lesson,mobile,ad,business,2026-09-08
U0001,2026-09-08 17:02:00,visit,mobile,referral,programming,2026-09-01
U0001,2026-09-08 17:09:00,view_course,mobile,referral,programming,2026-09-01
U0214,2026-09-08 17:40:00,visit,mobile,search,programming,2026-09-08
U0166,2026-09-08 18:34:00,visit,pc,referral,data,2026-09-08
U0166,2026-09-08 18:39:00,view_course,pc,referral,data,2026-09-08
U0166,2026-09-08 18:52:00,start_trial,pc,referral,data,2026-09-08
U0166,2026-09-08 19:03:00,start_lesson,pc,referral,data,2026-09-08
U0078,2026-09-08 19:07:00,visit,mobile,search,data,2026-09-08
U0078,2026-09-08 19:15:00,view_course,mobile,search,data,2026-09-08
U0098,2026-09-08 19:20:00,visit,mobile,referral,data,2026-09-08
U0098,2026-09-08 19:26:00,view_course,mobile,referral,data,2026-09-08
U0098,2026-09-08 19:40:00,start_trial,mobile,referral,data,2026-09-08
U0098,2026-09-08 19:49:00,start_lesson,mobile,referral,data,2026-09-08
U0166,2026-09-08 19:52:00,complete_lesson,pc,referral,data,2026-09-08
U0166,2026-09-08 20:11:00,subscribe,pc,referral,data,2026-09-08
U0098,2026-09-08 20:18:00,complete_lesson,mobile,referral,data,2026-09-08
U0098,2026-09-08 20:25:00,subscribe,mobile,referral,data,2026-09-08
U0102,2026-09-08 20:54:00,visit,mobile,referral,data,2026-09-08
U0102,2026-09-08 20:59:00,view_course,mobile,referral,data,2026-09-08
U0102,2026-09-08 21:13:00,start_trial,mobile,referral,data,2026-09-08
U0102,2026-09-08 21:25:00,start_lesson,mobile,referral,data,2026-09-08
U0129,2026-09-08 21:55:00,visit,mobile,ad,business,2026-09-01
U0102,2026-09-08 22:33:00,complete_lesson,mobile,referral,data,2026-09-08
U0102,2026-09-08 22:57:00,subscribe,mobile,referral,data,2026-09-08
U0106,2026-09-09 01:04:00,share,pc,referral,business,2026-09-08
U0078,2026-09-09 04:07:00,share,mobile,search,data,2026-09-08
U0114,2026-09-09 05:17:00,share,pc,search,programming,2026-09-08
U0070,2026-09-09 08:21:00,visit,mobile,referral,programming,2026-09-09
U0178,2026-09-09 08:31:00,share,mobile,ad,data,2026-09-08
U0042,2026-09-09 09:26:00,visit,mobile,referral,business,2026-09-09
U0094,2026-09-09 09:29:00,visit,mobile,ad,business,2026-09-09
U0042,2026-09-09 09:38:00,view_course,mobile,referral,business,2026-09-09
U0238,2026-09-09 09:41:00,visit,mobile,ad,data,2026-09-09
U0094,2026-09-09 09:42:00,view_course,mobile,ad,business,2026-09-09
U0042,2026-09-09 09:46:00,start_trial,mobile,referral,business,2026-09-09
U0238,2026-09-09 09:46:00,view_course,mobile,ad,data,2026-09-09
U0238,2026-09-09 09:49:00,view_course,mobile,ad,data,2026-09-09
U0042,2026-09-09 09:51:00,start_lesson,mobile,referral,business,2026-09-09
U0094,2026-09-09 09:51:00,view_course,mobile,ad,business,2026-09-09
U0122,2026-09-09 10:02:00,visit,mobile,ad,data,2026-09-09
U0122,2026-09-09 10:11:00,view_course,mobile,ad,data,2026-09-09
U0122,2026-09-09 10:21:00,start_trial,mobile,ad,data,2026-09-09
U0042,2026-09-09 10:43:00,complete_lesson,mobile,referral,business,2026-09-09
U0210,2026-09-09 10:57:00,visit,pc,search,data,2026-09-08
U0210,2026-09-09 11:13:00,start_lesson,pc,search,data,2026-09-08
U0126,2026-09-09 11:39:00,visit,pc,ad,business,2026-09-09
U0114,2026-09-09 11:43:00,visit,pc,search,programming,2026-09-08
U0126,2026-09-09 11:44:00,view_course,pc,ad,business,2026-09-09
U0114,2026-09-09 11:45:00,view_course,pc,search,programming,2026-09-08
U0126,2026-09-09 12:01:00,start_trial,pc,ad,business,2026-09-09
U0158,2026-09-09 12:02:00,visit,mobile,ad,data,2026-09-09
U0126,2026-09-09 12:09:00,start_lesson,pc,ad,business,2026-09-09
U0118,2026-09-09 12:12:00,visit,pc,referral,business,2026-09-09
U0158,2026-09-09 12:16:00,view_course,mobile,ad,data,2026-09-09
U0118,2026-09-09 12:22:00,view_course,pc,referral,business,2026-09-09
U0158,2026-09-09 12:27:00,start_trial,mobile,ad,data,2026-09-09
U0118,2026-09-09 12:38:00,start_trial,pc,referral,business,2026-09-09
U0182,2026-09-09 12:41:00,visit,pc,ad,data,2026-09-09
U0158,2026-09-09 12:44:00,start_lesson,mobile,ad,data,2026-09-09
U0182,2026-09-09 12:50:00,view_course,pc,ad,data,2026-09-09
U0126,2026-09-09 13:03:00,complete_lesson,pc,ad,business,2026-09-09
U0126,2026-09-09 13:14:00,subscribe,pc,ad,business,2026-09-09
U0038,2026-09-09 13:30:00,visit,mobile,ad,business,2026-09-09
U0194,2026-09-09 13:53:00,visit,pc,search,programming,2026-09-08
U0138,2026-09-09 13:56:00,visit,mobile,ad,data,2026-09-09
U0222,2026-09-09 14:14:00,visit,mobile,referral,data,2026-09-09
U0026,2026-09-09 14:17:00,visit,mobile,ad,business,2026-09-09
U0026,2026-09-09 14:22:00,view_course,mobile,ad,business,2026-09-09
U0074,2026-09-09 14:29:00,visit,mobile,search,programming,2026-09-08
U0110,2026-09-09 14:45:00,visit,mobile,search,business,2026-09-09
U0110,2026-09-09 14:46:00,view_course,mobile,search,business,2026-09-09
U0206,2026-09-09 14:46:00,visit,pc,ad,programming,2026-09-08
U0206,2026-09-09 14:47:00,view_course,pc,ad,programming,2026-09-08
U0050,2026-09-09 14:50:00,visit,mobile,ad,business,2026-09-09
U0050,2026-09-09 14:54:00,view_course,mobile,ad,business,2026-09-09
U0110,2026-09-09 14:54:00,start_trial,mobile,search,business,2026-09-09
U0050,2026-09-09 15:01:00,view_course,mobile,ad,business,2026-09-09
U0050,2026-09-09 15:11:00,start_trial,mobile,ad,business,2026-09-09
U0110,2026-09-09 15:17:00,start_lesson,mobile,search,business,2026-09-09
U0146,2026-09-09 15:31:00,visit,mobile,search,data,2026-09-09
U0050,2026-09-09 15:32:00,start_lesson,mobile,ad,business,2026-09-09
U0046,2026-09-09 15:33:00,visit,mobile,referral,data,2026-09-09
U0218,2026-09-09 15:41:00,visit,pc,referral,programming,2026-09-09
U0146,2026-09-09 15:42:00,view_course,mobile,search,data,2026-09-09
U0218,2026-09-09 15:45:00,view_course,pc,referral,programming,2026-09-09
U0218,2026-09-09 15:59:00,start_trial,pc,referral,programming,2026-09-09
U0146,2026-09-09 16:01:00,start_trial,mobile,search,data,2026-09-09
U0050,2026-09-09 16:04:00,complete_lesson,mobile,ad,business,2026-09-09
U0218,2026-09-09 16:09:00,start_lesson,pc,referral,programming,2026-09-09
U0050,2026-09-09 16:27:00,subscribe,mobile,ad,business,2026-09-09
U0062,2026-09-09 16:52:00,visit,mobile,ad,business,2026-09-09
U0218,2026-09-09 16:58:00,complete_lesson,pc,referral,programming,2026-09-09
U0062,2026-09-09 17:00:00,view_course,mobile,ad,business,2026-09-09
U0062,2026-09-09 17:07:00,start_trial,mobile,ad,business,2026-09-09
U0062,2026-09-09 17:11:00,view_course,mobile,ad,business,2026-09-09
U0162,2026-09-09 17:29:00,visit,mobile,referral,business,2026-09-08
U0078,2026-09-09 17:42:00,visit,mobile,search,data,2026-09-08
U0162,2026-09-09 17:43:00,view_course,mobile,referral,business,2026-09-08
U0078,2026-09-09 18:09:00,start_lesson,mobile,search,data,2026-09-08
U0186,2026-09-09 18:14:00,visit,mobile,ad,data,2026-09-09
U0186,2026-09-09 18:28:00,view_course,mobile,ad,data,2026-09-09
U0186,2026-09-09 18:39:00,view_course,mobile,ad,data,2026-09-09
U0149,2026-09-09 19:42:00,visit,mobile,search,programming,2026-09-02
U0086,2026-09-09 19:43:00,visit,mobile,ad,business,2026-09-09
U0149,2026-09-09 19:50:00,view_course,mobile,search,programming,2026-09-02
U0086,2026-09-09 19:52:00,view_course,mobile,ad,business,2026-09-09
U0002,2026-09-09 19:53:00,visit,mobile,search,programming,2026-09-09
U0002,2026-09-09 19:54:00,view_course,mobile,search,programming,2026-09-09
U0086,2026-09-09 19:56:00,start_trial,mobile,ad,business,2026-09-09
U0149,2026-09-09 20:00:00,start_lesson,mobile,search,programming,2026-09-02
U0258,2026-09-09 20:02:00,visit,mobile,referral,data,2026-09-09
U0258,2026-09-09 20:10:00,view_course,mobile,referral,data,2026-09-09
U0065,2026-09-09 20:11:00,visit,pc,ad,business,2026-09-02
U0065,2026-09-09 20:24:00,view_course,pc,ad,business,2026-09-02
U0230,2026-09-09 20:47:00,visit,mobile,search,data,2026-09-09
U0166,2026-09-09 21:13:00,visit,pc,referral,data,2026-09-08
U0242,2026-09-09 21:22:00,visit,mobile,ad,data,2026-09-09
U0242,2026-09-09 21:29:00,view_course,mobile,ad,data,2026-09-09
U0166,2026-09-09 21:38:00,start_lesson,pc,referral,data,2026-09-08
U0242,2026-09-09 21:41:00,view_course,mobile,ad,data,2026-09-09
U0098,2026-09-09 21:42:00,visit,mobile,referral,data,2026-09-08
U0249,2026-09-09 21:47:00,visit,mobile,ad,data,2026-09-02
U0249,2026-09-09 21:48:00,view_course,mobile,ad,data,2026-09-02
U0098,2026-09-09 21:50:00,view_course,mobile,referral,data,2026-09-08
U0061,2026-09-10 07:27:00,visit,mobile,ad,business,2026-09-03
U0061,2026-09-10 07:48:00,start_lesson,mobile,ad,business,2026-09-03
U0034,2026-09-10 08:04:00,visit,pc,ad,data,2026-09-10
U0250,2026-09-10 08:14:00,visit,mobile,search,data,2026-09-10
U0250,2026-09-10 08:24:00,view_course,mobile,search,data,2026-09-10
U0250,2026-09-10 08:27:00,start_trial,mobile,search,data,2026-09-10
U0250,2026-09-10 08:47:00,start_lesson,mobile,search,data,2026-09-10
U0070,2026-09-10 09:12:00,visit,mobile,referral,programming,2026-09-09
U0070,2026-09-10 09:20:00,view_course,mobile,referral,programming,2026-09-09
U0250,2026-09-10 09:42:00,complete_lesson,mobile,search,data,2026-09-10
U0034,2026-09-10 10:04:00,share,pc,ad,data,2026-09-10
U0130,2026-09-10 11:07:00,visit,mobile,referral,programming,2026-09-10
U0130,2026-09-10 11:11:00,view_course,mobile,referral,programming,2026-09-10
U0130,2026-09-10 11:29:00,start_trial,mobile,referral,programming,2026-09-10
U0146,2026-09-10 11:31:00,share,mobile,search,data,2026-09-09
U0122,2026-09-10 11:57:00,visit,mobile,ad,data,2026-09-09
U0130,2026-09-10 11:58:00,start_lesson,mobile,referral,programming,2026-09-10
U0174,2026-09-10 11:59:00,visit,pc,search,programming,2026-09-10
U0174,2026-09-10 12:01:00,view_course,pc,search,programming,2026-09-10
U0122,2026-09-10 12:02:00,view_course,mobile,ad,data,2026-09-09
U0174,2026-09-10 12:13:00,start_trial,pc,search,programming,2026-09-10
U0130,2026-09-10 12:27:00,complete_lesson,mobile,referral,programming,2026-09-10
U0130,2026-09-10 12:28:00,subscribe,mobile,referral,programming,2026-09-10
U0138,2026-09-10 12:31:00,visit,mobile,ad,data,2026-09-09
U0174,2026-09-10 12:36:00,start_lesson,pc,search,programming,2026-09-10
U0158,2026-09-10 12:43:00,visit,mobile,ad,data,2026-09-09
U0158,2026-09-10 12:47:00,view_course,mobile,ad,data,2026-09-09
U0025,2026-09-10 13:12:00,visit,pc,ad,business,2026-09-03
U0170,2026-09-10 13:18:00,visit,mobile,ad,business,2026-09-10
U0170,2026-09-10 13:20:00,view_course,mobile,ad,business,2026-09-10
U0049,2026-09-10 13:23:00,visit,mobile,referral,data,2026-09-03
U0025,2026-09-10 13:28:00,start_lesson,pc,ad,business,2026-09-03
U0049,2026-09-10 13:30:00,start_lesson,mobile,referral,data,2026-09-03
U0170,2026-09-10 13:34:00,start_trial,mobile,ad,business,2026-09-10
U0170,2026-09-10 13:45:00,start_lesson,mobile,ad,business,2026-09-10
U0082,2026-09-10 13:48:00,visit,mobile,ad,business,2026-09-10
U0082,2026-09-10 14:02:00,view_course,mobile,ad,business,2026-09-10
U0030,2026-09-10 14:08:00,visit,pc,ad,programming,2026-09-10
U0082,2026-09-10 14:21:00,start_trial,mobile,ad,business,2026-09-10
U0170,2026-09-10 14:32:00,complete_lesson,mobile,ad,business,2026-09-10
U0082,2026-09-10 14:39:00,start_lesson,mobile,ad,business,2026-09-10
U0026,2026-09-10 14:40:00,visit,mobile,ad,business,2026-09-09
U0134,2026-09-10 14:53:00,visit,pc,ad,business,2026-09-10
U0134,2026-09-10 14:55:00,view_course,pc,ad,business,2026-09-10
U0226,2026-09-10 14:56:00,visit,mobile,ad,data,2026-09-10
U0226,2026-09-10 15:04:00,view_course,mobile,ad,data,2026-09-10
U0226,2026-09-10 15:08:00,view_course,mobile,ad,data,2026-09-10
U0026,2026-09-10 15:09:00,start_lesson,mobile,ad,business,2026-09-09
U0134,2026-09-10 15:10:00,start_trial,pc,ad,business,2026-09-10
U0226,2026-09-10 15:10:00,start_trial,mobile,ad,data,2026-09-10
U0226,2026-09-10 15:19:00,start_lesson,mobile,ad,data,2026-09-10
U0145,2026-09-10 15:26:00,visit,pc,search,data,2026-09-03
U0246,2026-09-10 15:51:00,visit,pc,ad,data,2026-09-10
U0154,2026-09-10 16:02:00,visit,mobile,ad,business,2026-09-10
U0226,2026-09-10 16:04:00,complete_lesson,mobile,ad,data,2026-09-10
U0246,2026-09-10 16:04:00,view_course,pc,ad,data,2026-09-10
U0090,2026-09-10 16:07:00,visit,pc,referral,business,2026-09-10
U0246,2026-09-10 16:11:00,start_trial,pc,ad,data,2026-09-10
U0090,2026-09-10 16:12:00,view_course,pc,referral,business,2026-09-10
U0154,2026-09-10 16:13:00,view_course,mobile,ad,business,2026-09-10
U0222,2026-09-10 16:22:00,visit,mobile,referral,data,2026-09-09
U0154,2026-09-10 16:29:00,start_trial,mobile,ad,business,2026-09-10
U0218,2026-09-10 16:29:00,visit,pc,referral,programming,2026-09-09
U0246,2026-09-10 16:29:00,start_lesson,pc,ad,data,2026-09-10
U0222,2026-09-10 16:30:00,view_course,mobile,referral,data,2026-09-09
U0154,2026-09-10 16:35:00,start_lesson,mobile,ad,business,2026-09-10
U0146,2026-09-10 17:34:00,visit,mobile,search,data,2026-09-09
U0154,2026-09-10 17:40:00,complete_lesson,mobile,ad,business,2026-09-10
U0146,2026-09-10 17:50:00,start_lesson,mobile,search,data,2026-09-09
U0058,2026-09-10 18:20:00,visit,pc,search,data,2026-09-10
U0086,2026-09-10 18:25:00,visit,mobile,ad,business,2026-09-09
U0058,2026-09-10 18:29:00,view_course,pc,search,data,2026-09-10
U0086,2026-09-10 18:37:00,start_lesson,mobile,ad,business,2026-09-09
U0058,2026-09-10 18:41:00,start_trial,pc,search,data,2026-09-10
U0058,2026-09-10 19:09:00,start_lesson,pc,search,data,2026-09-10
U0058,2026-09-10 19:45:00,complete_lesson,pc,search,data,2026-09-10
U0006,2026-09-10 19:55:00,visit,mobile,search,data,2026-09-10
U0058,2026-09-10 19:55:00,subscribe,pc,search,data,2026-09-10
U0234,2026-09-10 19:57:00,visit,mobile,referral,business,2026-09-10
U0006,2026-09-10 20:00:00,view_course,mobile,search,data,2026-09-10
U0234,2026-09-10 20:05:00,view_course,mobile,referral,business,2026-09-10
U0018,2026-09-10 20:27:00,visit,mobile,search,data,2026-09-10
U0018,2026-09-10 20:29:00,view_course,mobile,search,data,2026-09-10
U0150,2026-09-10 20:29:00,visit,pc,search,programming,2026-09-10
U0018,2026-09-10 20:34:00,view_course,mobile,search,data,2026-09-10
U0018,2026-09-10 20:34:00,start_trial,mobile,search,data,2026-09-10
U0150,2026-09-10 20:35:00,view_course,pc,search,programming,2026-09-10
U0142,2026-09-10 20:36:00,visit,pc,referral,programming,2026-09-10
U0150,2026-09-10 20:41:00,start_trial,pc,search,programming,2026-09-10
U0142,2026-09-10 20:45:00,view_course,pc,referral,programming,2026-09-10
U0018,2026-09-10 20:50:00,start_lesson,mobile,search,data,2026-09-10
U0142,2026-09-10 21:02:00,start_trial,pc,referral,programming,2026-09-10
U0142,2026-09-10 21:24:00,start_lesson,pc,referral,programming,2026-09-10
U0018,2026-09-10 21:44:00,complete_lesson,mobile,search,data,2026-09-10
U0018,2026-09-10 22:08:00,subscribe,mobile,search,data,2026-09-10
U0134,2026-09-11 12:53:00,share,pc,ad,business,2026-09-10
U0174,2026-09-11 13:26:00,visit,pc,search,programming,2026-09-10
U0174,2026-09-11 13:35:00,view_course,pc,search,programming,2026-09-10
U0174,2026-09-11 13:46:00,start_lesson,pc,search,programming,2026-09-10
U0082,2026-09-11 16:08:00,visit,mobile,ad,business,2026-09-10
U0082,2026-09-11 16:15:00,start_lesson,mobile,ad,business,2026-09-10
U0082,2026-09-11 16:16:00,view_course,mobile,ad,business,2026-09-10
U0058,2026-09-11 18:01:00,visit,pc,search,data,2026-09-10
U0058,2026-09-11 18:02:00,view_course,pc,search,data,2026-09-10
U0154,2026-09-11 18:15:00,visit,mobile,ad,business,2026-09-10
U0058,2026-09-11 18:29:00,start_lesson,pc,search,data,2026-09-10
U0142,2026-09-11 19:37:00,visit,pc,referral,programming,2026-09-10
U0142,2026-09-11 19:40:00,view_course,pc,referral,programming,2026-09-10
U0006,2026-09-11 20:43:00,visit,mobile,search,data,2026-09-10
U0006,2026-09-11 20:48:00,view_course,mobile,search,data,2026-09-10
U0006,2026-09-11 20:48:00,start_lesson,mobile,search,data,2026-09-10
U0150,2026-09-11 22:14:00,visit,pc,search,programming,2026-09-10
U0150,2026-09-11 22:17:00,view_course,pc,search,programming,2026-09-10
U0157,2026-09-15 07:42:00,visit,pc,search,business,2026-09-01
U0157,2026-09-15 07:50:00,view_course,pc,search,business,2026-09-01
U0075,2026-09-15 09:26:00,visit,mobile,search,data,2026-09-15
U0075,2026-09-15 09:28:00,view_course,mobile,search,data,2026-09-15
U0109,2026-09-15 09:43:00,visit,mobile,referral,data,2026-09-01
U0211,2026-09-15 09:51:00,visit,mobile,referral,data,2026-09-15
U0179,2026-09-15 10:05:00,visit,mobile,search,data,2026-09-15
U0047,2026-09-15 10:09:00,visit,mobile,search,data,2026-09-15
U0179,2026-09-15 10:10:00,view_course,mobile,search,data,2026-09-15
U0179,2026-09-15 10:17:00,start_trial,mobile,search,data,2026-09-15
U0179,2026-09-15 10:33:00,start_lesson,mobile,search,data,2026-09-15
U0215,2026-09-15 10:33:00,visit,pc,search,data,2026-09-15
U0215,2026-09-15 10:40:00,view_course,pc,search,data,2026-09-15
U0171,2026-09-15 10:45:00,visit,mobile,referral,data,2026-09-15
U0215,2026-09-15 10:47:00,view_course,pc,search,data,2026-09-15
U0215,2026-09-15 10:47:00,start_trial,pc,search,data,2026-09-15
U0171,2026-09-15 10:52:00,view_course,mobile,referral,data,2026-09-15
U0215,2026-09-15 10:57:00,start_lesson,pc,search,data,2026-09-15
U0171,2026-09-15 11:07:00,start_trial,mobile,referral,data,2026-09-15
U0171,2026-09-15 11:08:00,view_course,mobile,referral,data,2026-09-15
U0171,2026-09-15 11:23:00,start_lesson,mobile,referral,data,2026-09-15
U0179,2026-09-15 11:40:00,complete_lesson,mobile,search,data,2026-09-15
U0171,2026-09-15 11:44:00,complete_lesson,mobile,referral,data,2026-09-15
U0055,2026-09-15 11:45:00,visit,pc,ad,programming,2026-09-15
U0179,2026-09-15 11:45:00,subscribe,mobile,search,data,2026-09-15
U0215,2026-09-15 12:01:00,complete_lesson,pc,search,data,2026-09-15
U0119,2026-09-15 12:34:00,visit,mobile,ad,programming,2026-09-15
U0127,2026-09-15 12:39:00,visit,mobile,ad,data,2026-09-15
U0119,2026-09-15 12:43:00,view_course,mobile,ad,programming,2026-09-15
U0127,2026-09-15 12:45:00,view_course,mobile,ad,data,2026-09-15
U0127,2026-09-15 12:47:00,view_course,mobile,ad,data,2026-09-15
U0163,2026-09-15 12:49:00,visit,mobile,search,programming,2026-09-15
U0119,2026-09-15 12:52:00,start_trial,mobile,ad,programming,2026-09-15
U0127,2026-09-15 12:52:00,start_trial,mobile,ad,data,2026-09-15
U0163,2026-09-15 13:02:00,view_course,mobile,search,programming,2026-09-15
U0119,2026-09-15 13:03:00,start_lesson,mobile,ad,programming,2026-09-15
U0127,2026-09-15 13:05:00,start_lesson,mobile,ad,data,2026-09-15
U0063,2026-09-15 13:07:00,visit,mobile,ad,programming,2026-09-15
U0163,2026-09-15 13:08:00,start_trial,mobile,search,programming,2026-09-15
U0063,2026-09-15 13:10:00,view_course,mobile,ad,programming,2026-09-15
U0037,2026-09-15 13:21:00,visit,mobile,ad,programming,2026-09-01
U0163,2026-09-15 13:23:00,start_lesson,mobile,search,programming,2026-09-15
U0251,2026-09-15 13:33:00,visit,mobile,referral,data,2026-09-15
U0037,2026-09-15 13:34:00,view_course,mobile,ad,programming,2026-09-01
U0251,2026-09-15 13:43:00,view_course,mobile,referral,data,2026-09-15
U0206,2026-09-15 13:47:00,visit,pc,ad,programming,2026-09-08
U0119,2026-09-15 13:49:00,complete_lesson,mobile,ad,programming,2026-09-15
U0251,2026-09-15 13:49:00,start_trial,mobile,referral,data,2026-09-15
U0127,2026-09-15 14:07:00,complete_lesson,mobile,ad,data,2026-09-15
U0251,2026-09-15 14:16:00,start_lesson,mobile,referral,data,2026-09-15
U0139,2026-09-15 14:35:00,visit,pc,search,data,2026-09-15
U0251,2026-09-15 14:47:00,complete_lesson,mobile,referral,data,2026-09-15
U0251,2026-09-15 14:58:00,subscribe,mobile,referral,data,2026-09-15
U0005,2026-09-15 15:00:00,visit,mobile,search,data,2026-09-01
U0005,2026-09-15 15:07:00,view_course,mobile,search,data,2026-09-01
U0247,2026-09-15 15:26:00,visit,mobile,ad,data,2026-09-15
U0247,2026-09-15 15:31:00,view_course,mobile,ad,data,2026-09-15
U0247,2026-09-15 15:39:00,start_trial,mobile,ad,data,2026-09-15
U0247,2026-09-15 15:43:00,start_lesson,mobile,ad,data,2026-09-15
U0259,2026-09-15 15:45:00,visit,mobile,ad,business,2026-09-15
U0010,2026-09-15 15:47:00,visit,mobile,search,business,2026-09-08
U0178,2026-09-15 15:56:00,visit,mobile,ad,data,2026-09-08
U0010,2026-09-15 15:59:00,view_course,mobile,search,business,2026-09-08
U0178,2026-09-15 16:00:00,view_course,mobile,ad,data,2026-09-08
U0010,2026-09-15 16:02:00,start_lesson,mobile,search,business,2026-09-08
U0178,2026-09-15 16:03:00,start_lesson,mobile,ad,data,2026-09-08
U0247,2026-09-15 16:19:00,complete_lesson,mobile,ad,data,2026-09-15
U0247,2026-09-15 16:34:00,subscribe,mobile,ad,data,2026-09-15
U0199,2026-09-15 17:00:00,visit,mobile,referral,data,2026-09-15
U0199,2026-09-15 17:09:00,view_course,mobile,referral,data,2026-09-15
U0199,2026-09-15 17:25:00,start_trial,mobile,referral,data,2026-09-15
U0199,2026-09-15 17:27:00,view_course,mobile,referral,data,2026-09-15
U0059,2026-09-15 17:29:00,visit,mobile,referral,programming,2026-09-15
U0175,2026-09-15 17:31:00,visit,mobile,search,programming,2026-09-15
U0199,2026-09-15 17:32:00,start_lesson,mobile,referral,data,2026-09-15
U0059,2026-09-15 17:33:00,view_course,mobile,referral,programming,2026-09-15
U0175,2026-09-15 17:35:00,view_course,mobile,search,programming,2026-09-15
U0199,2026-09-15 18:38:00,complete_lesson,mobile,referral,data,2026-09-15
U0011,2026-09-15 20:39:00,visit,mobile,ad,data,2026-09-15
U0011,2026-09-15 20:49:00,view_course,mobile,ad,data,2026-09-15
U0127,2026-09-16 01:39:00,share,mobile,ad,data,2026-09-15
U0171,2026-09-16 03:45:00,share,mobile,referral,data,2026-09-15
U0075,2026-09-16 07:29:00,visit,mobile,search,data,2026-09-15
U0191,2026-09-16 08:26:00,visit,mobile,referral,data,2026-09-16
U0191,2026-09-16 08:36:00,view_course,mobile,referral,data,2026-09-16
U0191,2026-09-16 08:41:00,start_trial,mobile,referral,data,2026-09-16
U0191,2026-09-16 08:58:00,start_lesson,mobile,referral,data,2026-09-16
U0091,2026-09-16 09:05:00,visit,mobile,search,programming,2026-09-16
U0091,2026-09-16 09:13:00,view_course,mobile,search,programming,2026-09-16
U0199,2026-09-16 10:00:00,share,mobile,referral,data,2026-09-15
U0155,2026-09-16 10:24:00,visit,mobile,ad,business,2026-09-16
U0094,2026-09-16 10:27:00,visit,mobile,ad,business,2026-09-09
U0211,2026-09-16 10:32:00,visit,mobile,referral,data,2026-09-15
U0094,2026-09-16 10:34:00,view_course,mobile,ad,business,2026-09-09
U0070,2026-09-16 10:35:00,visit,mobile,referral,programming,2026-09-09
U0155,2026-09-16 10:38:00,view_course,mobile,ad,business,2026-09-16
U0211,2026-09-16 10:46:00,view_course,mobile,referral,data,2026-09-15
U0155,2026-09-16 10:56:00,start_trial,mobile,ad,business,2026-09-16
U0155,2026-09-16 11:16:00,start_lesson,mobile,ad,business,2026-09-16
U0227,2026-09-16 11:16:00,visit,mobile,referral,programming,2026-09-16
U0227,2026-09-16 11:19:00,view_course,mobile,referral,programming,2026-09-16
U0042,2026-09-16 11:20:00,visit,mobile,referral,business,2026-09-09
U0227,2026-09-16 11:36:00,start_trial,mobile,referral,programming,2026-09-16
U0158,2026-09-16 11:50:00,visit,mobile,ad,data,2026-09-09
U0207,2026-09-16 12:05:00,visit,mobile,ad,data,2026-09-16
U0207,2026-09-16 12:07:00,view_course,mobile,ad,data,2026-09-16
U0207,2026-09-16 12:26:00,view_course,mobile,ad,data,2026-09-16
U0243,2026-09-16 12:40:00,visit,mobile,search,programming,2026-09-16
U0243,2026-09-16 12:47:00,view_course,mobile,search,programming,2026-09-16
U0243,2026-09-16 12:51:00,view_course,mobile,search,programming,2026-09-16
U0243,2026-09-16 12:51:00,start_trial,mobile,search,programming,2026-09-16
U0122,2026-09-16 12:54:00,visit,mobile,ad,data,2026-09-09
U0147,2026-09-16 13:09:00,visit,mobile,ad,business,2026-09-16
U0231,2026-09-16 13:57:00,visit,mobile,search,data,2026-09-16
U0231,2026-09-16 14:02:00,view_course,mobile,search,data,2026-09-16
U0231,2026-09-16 14:10:00,view_course,mobile,search,data,2026-09-16
U0131,2026-09-16 14:15:00,visit,mobile,referral,programming,2026-09-16
U0138,2026-09-16 15:02:00,visit,mobile,ad,data,2026-09-09
U0239,2026-09-16 15:10:00,visit,mobile,search,data,2026-09-16
U0239,2026-09-16 15:11:00,view_course,mobile,search,data,2026-09-16
U0110,2026-09-16 15:16:00,visit,mobile,search,business,2026-09-09
U0110,2026-09-16 15:40:00,start_lesson,mobile,search,business,2026-09-09
U0050,2026-09-16 15:52:00,visit,mobile,ad,business,2026-09-09
U0050,2026-09-16 15:53:00,view_course,mobile,ad,business,2026-09-09
U0143,2026-09-16 16:04:00,visit,mobile,search,data,2026-09-16
U0223,2026-09-16 16:04:00,visit,mobile,ad,programming,2026-09-16
U0199,2026-09-16 16:11:00,visit,mobile,referral,data,2026-09-15
U0143,2026-09-16 16:15:00,view_course,mobile,search,data,2026-09-16
U0199,2026-09-16 16:15:00,view_course,mobile,referral,data,2026-09-15
U0223,2026-09-16 16:17:00,view_course,mobile,ad,programming,2026-09-16
U0050,2026-09-16 16:19:00,start_lesson,mobile,ad,business,2026-09-09
U0247,2026-09-16 16:31:00,visit,mobile,ad,data,2026-09-15
U0103,2026-09-16 16:34:00,visit,pc,search,data,2026-09-16
U0143,2026-09-16 16:34:00,view_course,mobile,search,data,2026-09-16
U0247,2026-09-16 16:38:00,start_lesson,mobile,ad,data,2026-09-15
U0139,2026-09-16 17:15:00,visit,pc,search,data,2026-09-15
U0139,2026-09-16 17:22:00,view_course,pc,search,data,2026-09-15
U0139,2026-09-16 17:33:00,start_lesson,pc,search,data,2026-09-15
U0087,2026-09-16 17:47:00,visit,mobile,ad,data,2026-09-16
U0029,2026-09-16 17:53:00,visit,pc,referral,data,2026-09-02
U0169,2026-09-16 17:54:00,visit,mobile,referral,data,2026-09-02
U0087,2026-09-16 17:56:00,view_course,mobile,ad,data,2026-09-16
U0181,2026-09-16 17:58:00,visit,pc,ad,data,2026-09-02
U0029,2026-09-16 17:59:00,view_course,pc,referral,data,2026-09-02
U0159,2026-09-16 18:05:00,visit,mobile,search,data,2026-09-16
U0159,2026-09-16 18:07:00,view_course,mobile,search,data,2026-09-16
U0169,2026-09-16 18:07:00,view_course,mobile,referral,data,2026-09-02
U0181,2026-09-16 18:07:00,start_lesson,pc,ad,data,2026-09-02
U0087,2026-09-16 18:14:00,start_trial,mobile,ad,data,2026-09-16
U0169,2026-09-16 18:19:00,start_lesson,mobile,referral,data,2026-09-02
U0159,2026-09-16 18:20:00,start_trial,mobile,search,data,2026-09-16
U0087,2026-09-16 18:22:00,start_lesson,mobile,ad,data,2026-09-16
U0159,2026-09-16 18:26:00,view_course,mobile,search,data,2026-09-16
U0023,2026-09-16 18:43:00,visit,pc,referral,data,2026-09-16
U0023,2026-09-16 18:52:00,view_course,pc,referral,data,2026-09-16
U0023,2026-09-16 18:56:00,start_trial,pc,referral,data,2026-09-16
U0087,2026-09-16 19:06:00,complete_lesson,mobile,ad,data,2026-09-16
U0023,2026-09-16 19:14:00,start_lesson,pc,referral,data,2026-09-16
U0087,2026-09-16 19:15:00,subscribe,mobile,ad,data,2026-09-16
U0242,2026-09-16 19:50:00,visit,mobile,ad,data,2026-09-09
U0242,2026-09-16 20:03:00,view_course,mobile,ad,data,2026-09-09
U0019,2026-09-16 20:06:00,visit,mobile,search,programming,2026-09-16
U0023,2026-09-16 20:07:00,complete_lesson,pc,referral,data,2026-09-16
U0019,2026-09-16 20:08:00,view_course,mobile,search,programming,2026-09-16
U0147,2026-09-16 20:09:00,share,mobile,ad,business,2026-09-16
U0019,2026-09-16 20:10:00,start_trial,mobile,search,programming,2026-09-16
U0242,2026-09-16 20:11:00,start_lesson,mobile,ad,data,2026-09-09
U0103,2026-09-16 21:34:00,share,pc,search,data,2026-09-16
U0027,2026-09-16 21:40:00,visit,pc,ad,data,2026-09-16
U0027,2026-09-16 21:53:00,view_course,pc,ad,data,2026-09-16
U0031,2026-09-16 21:54:00,visit,mobile,ad,programming,2026-09-16
U0031,2026-09-16 22:01:00,view_course,mobile,ad,programming,2026-09-16
U0027,2026-09-16 22:03:00,view_course,pc,ad,data,2026-09-16
U0031,2026-09-16 22:08:00,start_trial,mobile,ad,programming,2026-09-16
U0031,2026-09-16 22:20:00,view_course,mobile,ad,programming,2026-09-16
U0031,2026-09-16 22:32:00,start_lesson,mobile,ad,programming,2026-09-16
U0011,2026-09-16 22:33:00,visit,mobile,ad,data,2026-09-15
U0011,2026-09-16 22:37:00,view_course,mobile,ad,data,2026-09-15
U0230,2026-09-16 22:50:00,visit,mobile,search,data,2026-09-09
U0230,2026-09-16 23:19:00,start_lesson,mobile,search,data,2026-09-09
U0250,2026-09-17 06:43:00,visit,mobile,search,data,2026-09-10
U0250,2026-09-17 06:49:00,view_course,mobile,search,data,2026-09-10
U0034,2026-09-17 07:47:00,visit,pc,ad,data,2026-09-10
U0034,2026-09-17 07:59:00,start_lesson,pc,ad,data,2026-09-10
U0051,2026-09-17 08:05:00,visit,mobile,ad,data,2026-09-17
U0051,2026-09-17 08:13:00,view_course,mobile,ad,data,2026-09-17
U0051,2026-09-17 08:20:00,start_trial,mobile,ad,data,2026-09-17
U0123,2026-09-17 08:36:00,visit,mobile,search,business,2026-09-17
U0123,2026-09-17 08:43:00,view_course,mobile,search,business,2026-09-17
U0051,2026-09-17 08:46:00,start_lesson,mobile,ad,data,2026-09-17
U0123,2026-09-17 08:52:00,start_trial,mobile,search,business,2026-09-17
U0231,2026-09-17 08:57:00,share,mobile,search,data,2026-09-16
U0123,2026-09-17 09:14:00,start_lesson,mobile,search,business,2026-09-17
U0015,2026-09-17 09:23:00,visit,mobile,search,business,2026-09-17
U0015,2026-09-17 09:25:00,view_course,mobile,search,business,2026-09-17
U0111,2026-09-17 09:26:00,visit,pc,ad,programming,2026-09-17
U0111,2026-09-17 09:31:00,view_course,pc,ad,programming,2026-09-17
U0051,2026-09-17 09:50:00,complete_lesson,mobile,ad,data,2026-09-17
U0155,2026-09-17 10:01:00,visit,mobile,ad,business,2026-09-16
U0091,2026-09-17 10:23:00,visit,mobile,search,programming,2026-09-16
U0091,2026-09-17 10:26:00,view_course,mobile,search,programming,2026-09-16
U0255,2026-09-17 10:26:00,visit,mobile,search,programming,2026-09-17
U0007,2026-09-17 10:29:00,visit,mobile,search,programming,2026-09-17
U0255,2026-09-17 10:35:00,view_course,mobile,search,programming,2026-09-17
U0007,2026-09-17 10:36:00,view_course,mobile,search,programming,2026-09-17
U0255,2026-09-17 10:43:00,start_trial,mobile,search,programming,2026-09-17
U0003,2026-09-17 10:44:00,visit,mobile,search,data,2026-09-17
U0255,2026-09-17 10:53:00,start_lesson,mobile,search,programming,2026-09-17
U0003,2026-09-17 10:54:00,view_course,mobile,search,data,2026-09-17
U0073,2026-09-17 11:06:00,visit,mobile,referral,data,2026-09-03
U0003,2026-09-17 11:12:00,start_trial,mobile,search,data,2026-09-17
U0003,2026-09-17 11:25:00,start_lesson,mobile,search,data,2026-09-17
U0073,2026-09-17 11:29:00,start_lesson,mobile,referral,data,2026-09-03
U0083,2026-09-17 11:31:00,visit,mobile,ad,data,2026-09-17
U0255,2026-09-17 11:36:00,complete_lesson,mobile,search,programming,2026-09-17
U0243,2026-09-17 11:37:00,visit,mobile,search,programming,2026-09-16
U0183,2026-09-17 11:44:00,visit,pc,search,data,2026-09-17
U0130,2026-09-17 11:47:00,visit,mobile,referral,programming,2026-09-10
U0243,2026-09-17 11:49:00,view_course,mobile,search,programming,2026-09-16
U0183,2026-09-17 11:50:00,view_course,pc,search,data,2026-09-17
U0130,2026-09-17 11:55:00,view_course,mobile,referral,programming,2026-09-10
U0130,2026-09-17 12:00:00,start_lesson,mobile,referral,programming,2026-09-10
U0003,2026-09-17 12:08:00,complete_lesson,mobile,search,data,2026-09-17
U0141,2026-09-17 12:14:00,visit,pc,search,data,2026-09-03
U0141,2026-09-17 12:24:00,view_course,pc,search,data,2026-09-03
U0195,2026-09-17 12:41:00,visit,mobile,ad,data,2026-09-17
U0195,2026-09-17 12:44:00,view_course,mobile,ad,data,2026-09-17
U0195,2026-09-17 12:57:00,view_course,mobile,ad,data,2026-09-17
U0237,2026-09-17 13:11:00,visit,pc,referral,business,2026-09-03
U0043,2026-09-17 13:24:00,visit,pc,ad,data,2026-09-17
U0043,2026-09-17 13:36:00,view_course,pc,ad,data,2026-09-17
U0131,2026-09-17 13:48:00,visit,mobile,referral,programming,2026-09-16
U0043,2026-09-17 13:50:00,start_trial,pc,ad,data,2026-09-17
U0131,2026-09-17 13:55:00,view_course,mobile,referral,programming,2026-09-16
U0219,2026-09-17 13:58:00,visit,mobile,search,programming,2026-09-17
U0107,2026-09-17 14:02:00,visit,pc,ad,programming,2026-09-17
U0043,2026-09-17 14:08:00,start_lesson,pc,ad,data,2026-09-17
U0131,2026-09-17 14:09:00,start_lesson,mobile,referral,programming,2026-09-16
U0219,2026-09-17 14:09:00,view_course,mobile,search,programming,2026-09-17
U0107,2026-09-17 14:14:00,view_course,pc,ad,programming,2026-09-17
U0079,2026-09-17 14:28:00,visit,pc,search,data,2026-09-17
U0107,2026-09-17 14:33:00,start_trial,pc,ad,programming,2026-09-17
U0079,2026-09-17 14:37:00,view_course,pc,search,data,2026-09-17
U0107,2026-09-17 14:42:00,start_lesson,pc,ad,programming,2026-09-17
U0099,2026-09-17 14:53:00,visit,pc,referral,programming,2026-09-17
U0137,2026-09-17 14:53:00,visit,mobile,referral,programming,2026-09-03
U0043,2026-09-17 14:55:00,complete_lesson,pc,ad,data,2026-09-17
U0079,2026-09-17 14:55:00,start_trial,pc,search,data,2026-09-17
U0079,2026-09-17 15:00:00,start_lesson,pc,search,data,2026-09-17
U0137,2026-09-17 15:10:00,start_lesson,mobile,referral,programming,2026-09-03
U0043,2026-09-17 15:17:00,subscribe,pc,ad,data,2026-09-17
U0203,2026-09-17 15:18:00,visit,mobile,referral,business,2026-09-17
U0107,2026-09-17 15:27:00,complete_lesson,pc,ad,programming,2026-09-17
U0039,2026-09-17 15:37:00,visit,mobile,search,business,2026-09-17
U0107,2026-09-17 15:41:00,subscribe,pc,ad,programming,2026-09-17
U0039,2026-09-17 15:46:00,view_course,mobile,search,business,2026-09-17
U0079,2026-09-17 15:46:00,complete_lesson,pc,search,data,2026-09-17
U0079,2026-09-17 15:51:00,subscribe,pc,search,data,2026-09-17
U0187,2026-09-17 15:51:00,visit,mobile,ad,data,2026-09-17
U0039,2026-09-17 15:52:00,start_trial,mobile,search,business,2026-09-17
U0067,2026-09-17 16:02:00,visit,mobile,ad,business,2026-09-17
U0187,2026-09-17 16:05:00,view_course,mobile,ad,data,2026-09-17
U0067,2026-09-17 16:07:00,view_course,mobile,ad,business,2026-09-17
U0135,2026-09-17 16:58:00,visit,pc,search,data,2026-09-17
U0135,2026-09-17 17:04:00,view_course,pc,search,data,2026-09-17
U0134,2026-09-17 17:09:00,visit,pc,ad,business,2026-09-10
U0134,2026-09-17 17:19:00,view_course,pc,ad,business,2026-09-10
U0135,2026-09-17 17:23:00,start_trial,pc,search,data,2026-09-17
U0135,2026-09-17 17:36:00,start_lesson,pc,search,data,2026-09-17
U0167,2026-09-17 18:29:00,visit,mobile,ad,data,2026-09-17
U0095,2026-09-17 18:37:00,visit,mobile,ad,business,2026-09-17
U0095,2026-09-17 18:44:00,view_course,mobile,ad,business,2026-09-17
U0235,2026-09-17 19:01:00,visit,mobile,search,data,2026-09-17
U0058,2026-09-17 19:05:00,visit,pc,search,data,2026-09-10
U0235,2026-09-17 19:13:00,view_course,mobile,search,data,2026-09-17
U0235,2026-09-17 19:17:00,view_course,mobile,search,data,2026-09-17
U0058,2026-09-17 19:21:00,start_lesson,pc,search,data,2026-09-10
U0235,2026-09-17 19:27:00,start_trial,mobile,search,data,2026-09-17
U0115,2026-09-17 19:32:00,visit,mobile,ad,programming,2026-09-17
U0115,2026-09-17 19:39:00,view_course,mobile,ad,programming,2026-09-17
U0035,2026-09-17 19:40:00,visit,mobile,search,programming,2026-09-17
U0035,2026-09-17 19:42:00,view_course,mobile,search,programming,2026-09-17
U0113,2026-09-17 19:49:00,visit,mobile,search,programming,2026-09-03
U0115,2026-09-17 19:58:00,start_trial,mobile,ad,programming,2026-09-17
U0113,2026-09-17 20:00:00,view_course,mobile,search,programming,2026-09-03
U0115,2026-09-17 20:15:00,start_lesson,mobile,ad,programming,2026-09-17
U0151,2026-09-17 20:41:00,visit,pc,ad,data,2026-09-17
U0018,2026-09-17 20:56:00,visit,mobile,search,data,2026-09-10
U0018,2026-09-17 20:59:00,view_course,mobile,search,data,2026-09-10
U0071,2026-09-17 21:06:00,visit,pc,ad,business,2026-09-17
U0071,2026-09-17 21:13:00,view_course,pc,ad,business,2026-09-17
U0018,2026-09-17 21:17:00,start_lesson,mobile,search,data,2026-09-10
U0071,2026-09-17 21:25:00,view_course,pc,ad,business,2026-09-17
U0071,2026-09-17 21:26:00,start_trial,pc,ad,business,2026-09-17
U0071,2026-09-17 21:41:00,start_lesson,pc,ad,business,2026-09-17
U0142,2026-09-17 21:41:00,visit,pc,referral,programming,2026-09-10
U0071,2026-09-17 22:30:00,complete_lesson,pc,ad,business,2026-09-17
U0150,2026-09-17 22:32:00,visit,pc,search,programming,2026-09-10
U0071,2026-09-17 22:46:00,subscribe,pc,ad,business,2026-09-17
U0043,2026-09-18 05:24:00,share,pc,ad,data,2026-09-17
U0115,2026-09-18 05:32:00,share,mobile,ad,programming,2026-09-17
U0007,2026-09-18 09:36:00,visit,mobile,search,programming,2026-09-17
U0183,2026-09-18 10:30:00,visit,pc,search,data,2026-09-17
U0183,2026-09-18 10:37:00,view_course,pc,search,data,2026-09-17
U0039,2026-09-18 13:45:00,visit,mobile,search,business,2026-09-17
U0079,2026-09-18 13:49:00,visit,pc,search,data,2026-09-17
U0039,2026-09-18 13:54:00,view_course,mobile,search,business,2026-09-17
U0039,2026-09-18 13:54:00,start_lesson,mobile,search,business,2026-09-17
U0079,2026-09-18 13:57:00,view_course,pc,search,data,2026-09-17
U0079,2026-09-18 14:02:00,start_lesson,pc,search,data,2026-09-17
U0219,2026-09-18 14:55:00,visit,mobile,search,programming,2026-09-17
U0099,2026-09-18 15:57:00,visit,pc,referral,programming,2026-09-17
U0099,2026-09-18 16:06:00,view_course,pc,referral,programming,2026-09-17
U0203,2026-09-18 16:14:00,visit,mobile,referral,business,2026-09-17
U0203,2026-09-18 16:21:00,view_course,mobile,referral,business,2026-09-17
U0235,2026-09-18 21:06:00,visit,mobile,search,data,2026-09-17
U0235,2026-09-18 21:17:00,view_course,mobile,search,data,2026-09-17
U0035,2026-09-18 21:21:00,visit,mobile,search,programming,2026-09-17
U0071,2026-09-18 23:27:00,visit,pc,ad,business,2026-09-17
U0071,2026-09-18 23:28:00,view_course,pc,ad,business,2026-09-17
U0196,2026-09-22 08:18:00,visit,mobile,ad,data,2026-09-22
U0196,2026-09-22 08:25:00,view_course,mobile,ad,data,2026-09-22
U0196,2026-09-22 08:44:00,view_course,mobile,ad,data,2026-09-22
U0088,2026-09-22 09:21:00,visit,pc,referral,programming,2026-09-22
U0088,2026-09-22 09:28:00,view_course,pc,referral,programming,2026-09-22
U0204,2026-09-22 09:29:00,visit,mobile,search,data,2026-09-22
U0204,2026-09-22 09:32:00,view_course,mobile,search,data,2026-09-22
U0088,2026-09-22 09:33:00,view_course,pc,referral,programming,2026-09-22
U0204,2026-09-22 09:50:00,start_trial,mobile,search,data,2026-09-22
U0204,2026-09-22 10:18:00,start_lesson,mobile,search,data,2026-09-22
U0055,2026-09-22 10:32:00,visit,pc,ad,programming,2026-09-15
U0055,2026-09-22 10:38:00,view_course,pc,ad,programming,2026-09-15
U0104,2026-09-22 10:44:00,visit,mobile,search,programming,2026-09-22
U0055,2026-09-22 10:47:00,start_lesson,pc,ad,programming,2026-09-15
U0104,2026-09-22 10:57:00,view_course,mobile,search,programming,2026-09-22
U0210,2026-09-22 11:05:00,visit,pc,search,data,2026-09-08
U0204,2026-09-22 11:12:00,complete_lesson,mobile,search,data,2026-09-22
U0210,2026-09-22 11:14:00,view_course,pc,search,data,2026-09-08
U0176,2026-09-22 11:51:00,visit,pc,ad,data,2026-09-22
U0176,2026-09-22 11:58:00,view_course,pc,ad,data,2026-09-22
U0188,2026-09-22 12:31:00,visit,pc,ad,programming,2026-09-22
U0188,2026-09-22 12:35:00,view_course,pc,ad,programming,2026-09-22
U0211,2026-09-22 12:43:00,visit,mobile,referral,data,2026-09-15
U0188,2026-09-22 12:47:00,start_trial,pc,ad,programming,2026-09-22
U0188,2026-09-22 12:58:00,start_lesson,pc,ad,programming,2026-09-22
U0188,2026-09-22 13:35:00,complete_lesson,pc,ad,programming,2026-09-22
U0240,2026-09-22 13:48:00,visit,mobile,search,programming,2026-09-22
U0188,2026-09-22 13:53:00,subscribe,pc,ad,programming,2026-09-22
U0240,2026-09-22 14:00:00,view_course,mobile,search,programming,2026-09-22
U0240,2026-09-22 14:12:00,start_trial,mobile,search,programming,2026-09-22
U0240,2026-09-22 14:15:00,start_lesson,mobile,search,programming,2026-09-22
U0254,2026-09-22 14:20:00,visit,pc,referral,data,2026-09-08
U0260,2026-09-22 14:32:00,visit,mobile,search,data,2026-09-22
U0260,2026-09-22 14:39:00,view_course,mobile,search,data,2026-09-22
U0004,2026-09-22 14:48:00,visit,pc,search,business,2026-09-22
U0240,2026-09-22 14:49:00,complete_lesson,mobile,search,programming,2026-09-22
U0260,2026-09-22 14:49:00,start_trial,mobile,search,data,2026-09-22
U0240,2026-09-22 14:56:00,subscribe,mobile,search,programming,2026-09-22
U0004,2026-09-22 15:01:00,view_course,pc,search,business,2026-09-22
U0004,2026-09-22 15:08:00,start_trial,pc,search,business,2026-09-22
U0004,2026-09-22 15:32:00,start_lesson,pc,search,business,2026-09-22
U0074,2026-09-22 15:37:00,visit,mobile,search,programming,2026-09-08
U0074,2026-09-22 15:42:00,view_course,mobile,search,programming,2026-09-08
U0194,2026-09-22 15:51:00,visit,pc,search,programming,2026-09-08
U0194,2026-09-22 16:02:00,start_lesson,pc,search,programming,2026-09-08
U0194,2026-09-22 16:05:00,view_course,pc,search,programming,2026-09-08
U0012,2026-09-22 16:17:00,visit,pc,search,business,2026-09-22
U0190,2026-09-22 16:24:00,visit,pc,referral,data,2026-09-08
U0190,2026-09-22 16:28:00,view_course,pc,referral,data,2026-09-08
U0012,2026-09-22 16:30:00,view_course,pc,search,business,2026-09-22
U0012,2026-09-22 16:36:00,start_trial,pc,search,business,2026-09-22
U0012,2026-09-22 16:47:00,start_lesson,pc,search,business,2026-09-22
U0259,2026-09-22 16:48:00,visit,mobile,ad,business,2026-09-15
U0259,2026-09-22 16:54:00,view_course,mobile,ad,business,2026-09-15
U0259,2026-09-22 16:54:00,start_lesson,mobile,ad,business,2026-09-15
U0108,2026-09-22 17:27:00,visit,mobile,search,business,2026-09-22
U0108,2026-09-22 17:41:00,view_course,mobile,search,business,2026-09-22
U0224,2026-09-22 18:16:00,visit,mobile,search,programming,2026-09-22
U0076,2026-09-22 18:18:00,visit,mobile,ad,programming,2026-09-22
U0224,2026-09-22 18:21:00,view_course,mobile,search,programming,2026-09-22
U0076,2026-09-22 18:24:00,view_course,mobile,ad,programming,2026-09-22
U0224,2026-09-22 18:36:00,start_trial,mobile,search,programming,2026-09-22
U0076,2026-09-22 18:37:00,view_course,mobile,ad,programming,2026-09-22
U0076,2026-09-22 18:39:00,start_trial,mobile,ad,programming,2026-09-22
U0076,2026-09-22 18:51:00,start_lesson,mobile,ad,programming,2026-09-22
U0224,2026-09-22 18:59:00,start_lesson,mobile,search,programming,2026-09-22
U0076,2026-09-22 19:19:00,complete_lesson,mobile,ad,programming,2026-09-22
U0175,2026-09-22 20:28:00,visit,mobile,search,programming,2026-09-15
U0180,2026-09-22 20:37:00,visit,mobile,referral,data,2026-09-22
U0180,2026-09-22 20:39:00,view_course,mobile,referral,data,2026-09-22
U0180,2026-09-22 20:47:00,start_trial,mobile,referral,data,2026-09-22
U0164,2026-09-22 20:55:00,visit,mobile,referral,programming,2026-09-22
U0164,2026-09-22 21:07:00,view_course,mobile,referral,programming,2026-09-22
U0124,2026-09-22 21:10:00,visit,pc,ad,data,2026-09-22
U0060,2026-09-22 21:18:00,visit,pc,search,data,2026-09-22
U0124,2026-09-22 21:21:00,view_course,pc,ad,data,2026-09-22
U0060,2026-09-22 21:24:00,view_course,pc,search,data,2026-09-22
U0060,2026-09-22 21:27:00,start_trial,pc,search,data,2026-09-22
U0060,2026-09-22 21:44:00,start_lesson,pc,search,data,2026-09-22
U0060,2026-09-22 22:12:00,complete_lesson,pc,search,data,2026-09-22
U0060,2026-09-22 22:15:00,subscribe,pc,search,data,2026-09-22
U0260,2026-09-23 06:32:00,share,mobile,search,data,2026-09-22
U0092,2026-09-23 08:08:00,visit,mobile,search,data,2026-09-23
U0091,2026-09-23 08:35:00,visit,mobile,search,programming,2026-09-16
U0208,2026-09-23 08:56:00,visit,pc,ad,data,2026-09-23
U0208,2026-09-23 09:06:00,view_course,pc,ad,data,2026-09-23
U0208,2026-09-23 09:08:00,view_course,pc,ad,data,2026-09-23
U0208,2026-09-23 09:11:00,start_trial,pc,ad,data,2026-09-23
U0042,2026-09-23 09:23:00,visit,mobile,referral,business,2026-09-09
U0208,2026-09-23 09:23:00,start_lesson,pc,ad,data,2026-09-23
U0088,2026-09-23 09:33:00,visit,pc,referral,programming,2026-09-22
U0044,2026-09-23 09:34:00,visit,mobile,search,data,2026-09-23
U0042,2026-09-23 09:40:00,start_lesson,mobile,referral,business,2026-09-09
U0088,2026-09-23 09:43:00,view_course,pc,referral,programming,2026-09-22
U0256,2026-09-23 10:08:00,visit,mobile,search,programming,2026-09-23
U0256,2026-09-23 10:17:00,view_course,mobile,search,programming,2026-09-23
U0227,2026-09-23 10:22:00,visit,mobile,referral,programming,2026-09-16
U0256,2026-09-23 10:29:00,start_trial,mobile,search,programming,2026-09-23
U0104,2026-09-23 10:39:00,visit,mobile,search,programming,2026-09-22
U0256,2026-09-23 10:49:00,start_lesson,mobile,search,programming,2026-09-23
U0104,2026-09-23 10:53:00,view_course,mobile,search,programming,2026-09-22
U0248,2026-09-23 10:59:00,visit,pc,search,programming,2026-09-23
U0236,2026-09-23 11:09:00,visit,mobile,search,business,2026-09-23
U0256,2026-09-23 11:24:00,complete_lesson,mobile,search,programming,2026-09-23
U0256,2026-09-23 11:46:00,subscribe,mobile,search,programming,2026-09-23
U0094,2026-09-23 12:17:00,visit,mobile,ad,business,2026-09-09
U0148,2026-09-23 12:31:00,visit,mobile,search,data,2026-09-23
U0182,2026-09-23 12:35:00,visit,pc,ad,data,2026-09-09
U0148,2026-09-23 12:37:00,view_course,mobile,search,data,2026-09-23
U0182,2026-09-23 12:39:00,view_course,pc,ad,data,2026-09-09
U0188,2026-09-23 12:39:00,visit,pc,ad,programming,2026-09-22
U0148,2026-09-23 12:44:00,start_trial,mobile,search,data,2026-09-23
U0148,2026-09-23 12:48:00,start_lesson,mobile,search,data,2026-09-23
U0188,2026-09-23 12:51:00,view_course,pc,ad,programming,2026-09-22
U0056,2026-09-23 13:15:00,visit,pc,search,business,2026-09-23
U0056,2026-09-23 13:18:00,view_course,pc,search,business,2026-09-23
U0110,2026-09-23 14:05:00,visit,mobile,search,business,2026-09-09
U0048,2026-09-23 14:15:00,visit,mobile,referral,programming,2026-09-23
U0032,2026-09-23 14:28:00,visit,mobile,search,programming,2026-09-23
U0032,2026-09-23 14:30:00,view_course,mobile,search,programming,2026-09-23
U0024,2026-09-23 14:39:00,visit,mobile,search,data,2026-09-23
U0024,2026-09-23 14:52:00,view_course,mobile,search,data,2026-09-23
U0024,2026-09-23 15:07:00,start_trial,mobile,search,data,2026-09-23
U0260,2026-09-23 15:11:00,visit,mobile,search,data,2026-09-22
U0260,2026-09-23 15:19:00,view_course,mobile,search,data,2026-09-22
U0131,2026-09-23 15:32:00,visit,mobile,referral,programming,2026-09-16
U0200,2026-09-23 15:55:00,visit,mobile,search,data,2026-09-23
U0200,2026-09-23 16:00:00,view_course,mobile,search,data,2026-09-23
U0216,2026-09-23 16:00:00,visit,pc,ad,programming,2026-09-23
U0216,2026-09-23 16:03:00,view_course,pc,ad,programming,2026-09-23
U0116,2026-09-23 16:10:00,visit,mobile,referral,programming,2026-09-23
U0116,2026-09-23 16:13:00,view_course,mobile,referral,programming,2026-09-23
U0228,2026-09-23 16:15:00,visit,mobile,referral,data,2026-09-23
U0116,2026-09-23 16:16:00,view_course,mobile,referral,programming,2026-09-23
U0020,2026-09-23 16:19:00,visit,pc,search,programming,2026-09-23
U0116,2026-09-23 16:21:00,start_trial,mobile,referral,programming,2026-09-23
U0020,2026-09-23 16:27:00,view_course,pc,search,programming,2026-09-23
U0228,2026-09-23 16:27:00,view_course,mobile,referral,data,2026-09-23
U0020,2026-09-23 16:41:00,start_trial,pc,search,programming,2026-09-23
U0228,2026-09-23 16:41:00,view_course,mobile,referral,data,2026-09-23
U0096,2026-09-23 16:44:00,visit,pc,ad,data,2026-09-23
U0116,2026-09-23 16:44:00,start_lesson,mobile,referral,programming,2026-09-23
U0096,2026-09-23 16:50:00,view_course,pc,ad,data,2026-09-23
U0244,2026-09-23 16:59:00,visit,mobile,referral,data,2026-09-23
U0020,2026-09-23 17:01:00,start_lesson,pc,search,programming,2026-09-23
U0244,2026-09-23 17:11:00,view_course,mobile,referral,data,2026-09-23
U0100,2026-09-23 17:13:00,visit,mobile,referral,data,2026-09-23
U0100,2026-09-23 17:14:00,view_course,mobile,referral,data,2026-09-23
U0116,2026-09-23 17:14:00,complete_lesson,mobile,referral,programming,2026-09-23
U0116,2026-09-23 17:28:00,subscribe,mobile,referral,programming,2026-09-23
U0244,2026-09-23 17:28:00,start_trial,mobile,referral,data,2026-09-23
U0244,2026-09-23 17:29:00,view_course,mobile,referral,data,2026-09-23
U0020,2026-09-23 17:42:00,complete_lesson,pc,search,programming,2026-09-23
U0172,2026-09-23 17:45:00,visit,pc,ad,programming,2026-09-23
U0244,2026-09-23 17:48:00,start_lesson,mobile,referral,data,2026-09-23
U0020,2026-09-23 17:54:00,subscribe,pc,search,programming,2026-09-23
U0172,2026-09-23 17:58:00,view_course,pc,ad,programming,2026-09-23
U0172,2026-09-23 18:10:00,start_trial,pc,ad,programming,2026-09-23
U0172,2026-09-23 18:38:00,start_lesson,pc,ad,programming,2026-09-23
U0244,2026-09-23 18:49:00,complete_lesson,mobile,referral,data,2026-09-23
U0232,2026-09-23 18:53:00,visit,mobile,search,programming,2026-09-23
U0224,2026-09-23 18:59:00,visit,mobile,search,programming,2026-09-22
U0232,2026-09-23 18:59:00,view_course,mobile,search,programming,2026-09-23
U0232,2026-09-23 19:11:00,start_trial,mobile,search,programming,2026-09-23
U0232,2026-09-23 19:31:00,start_lesson,mobile,search,programming,2026-09-23
U0036,2026-09-23 19:48:00,visit,pc,ad,business,2026-09-23
U0036,2026-09-23 20:02:00,view_course,pc,ad,business,2026-09-23
U0232,2026-09-23 20:07:00,complete_lesson,mobile,search,programming,2026-09-23
U0036,2026-09-23 20:09:00,start_trial,pc,ad,business,2026-09-23
U0152,2026-09-23 21:20:00,visit,mobile,search,programming,2026-09-23
U0168,2026-09-23 21:23:00,visit,mobile,referral,data,2026-09-23
U0152,2026-09-23 21:27:00,view_course,mobile,search,programming,2026-09-23
U0152,2026-09-23 21:37:00,view_course,mobile,search,programming,2026-09-23
U0084,2026-09-24 08:04:00,visit,mobile,ad,programming,2026-09-24
U0084,2026-09-24 08:05:00,view_course,mobile,ad,programming,2026-09-24
U0084,2026-09-24 08:10:00,start_trial,mobile,ad,programming,2026-09-24
U0064,2026-09-24 08:19:00,visit,mobile,search,business,2026-09-24
U0064,2026-09-24 08:21:00,view_course,mobile,search,business,2026-09-24
U0084,2026-09-24 08:25:00,start_lesson,mobile,ad,programming,2026-09-24
U0064,2026-09-24 08:31:00,start_trial,mobile,search,business,2026-09-24
U0111,2026-09-24 08:41:00,visit,pc,ad,programming,2026-09-17
U0064,2026-09-24 08:56:00,start_lesson,mobile,search,business,2026-09-24
U0140,2026-09-24 09:20:00,visit,mobile,search,programming,2026-09-24
U0140,2026-09-24 09:27:00,view_course,mobile,search,programming,2026-09-24
U0212,2026-09-24 09:31:00,visit,pc,ad,data,2026-09-24
U0212,2026-09-24 09:43:00,view_course,pc,ad,data,2026-09-24
U0015,2026-09-24 09:58:00,visit,mobile,search,business,2026-09-17
U0128,2026-09-24 09:58:00,visit,pc,referral,data,2026-09-24
U0112,2026-09-24 10:07:00,visit,mobile,search,data,2026-09-24
U0128,2026-09-24 10:07:00,view_course,pc,referral,data,2026-09-24
U0112,2026-09-24 10:08:00,view_course,mobile,search,data,2026-09-24
U0015,2026-09-24 10:16:00,start_lesson,mobile,search,business,2026-09-17
U0248,2026-09-24 10:17:00,visit,pc,search,programming,2026-09-23
U0052,2026-09-24 10:19:00,visit,pc,search,business,2026-09-24
U0112,2026-09-24 10:19:00,start_trial,mobile,search,data,2026-09-24
U0248,2026-09-24 10:19:00,view_course,pc,search,programming,2026-09-23
U0052,2026-09-24 10:21:00,view_course,pc,search,business,2026-09-24
U0252,2026-09-24 10:21:00,visit,mobile,referral,programming,2026-09-24
U0236,2026-09-24 10:23:00,visit,mobile,search,business,2026-09-23
U0252,2026-09-24 10:24:00,view_course,mobile,referral,programming,2026-09-24
U0112,2026-09-24 10:27:00,view_course,mobile,search,data,2026-09-24
U0236,2026-09-24 10:29:00,view_course,mobile,search,business,2026-09-23
U0052,2026-09-24 10:33:00,view_course,pc,search,business,2026-09-24
U0052,2026-09-24 10:34:00,start_trial,pc,search,business,2026-09-24
U0252,2026-09-24 10:35:00,view_course,mobile,referral,programming,2026-09-24
U0252,2026-09-24 10:37:00,start_trial,mobile,referral,programming,2026-09-24
U0248,2026-09-24 10:39:00,start_lesson,pc,search,programming,2026-09-23
U0112,2026-09-24 10:44:00,start_lesson,mobile,search,data,2026-09-24
U0052,2026-09-24 10:45:00,start_lesson,pc,search,business,2026-09-24
U0184,2026-09-24 10:47:00,visit,mobile,search,business,2026-09-24
U0148,2026-09-24 10:58:00,visit,mobile,search,data,2026-09-23
U0255,2026-09-24 11:06:00,visit,mobile,search,programming,2026-09-17
U0255,2026-09-24 11:09:00,view_course,mobile,search,programming,2026-09-17
U0192,2026-09-24 11:13:00,visit,mobile,ad,data,2026-09-24
U0192,2026-09-24 11:17:00,view_course,mobile,ad,data,2026-09-24
U0148,2026-09-24 11:20:00,start_lesson,mobile,search,data,2026-09-23
U0052,2026-09-24 11:41:00,complete_lesson,pc,search,business,2026-09-24
U0120,2026-09-24 11:48:00,visit,mobile,search,programming,2026-09-24
U0120,2026-09-24 11:49:00,view_course,mobile,search,programming,2026-09-24
U0052,2026-09-24 11:50:00,subscribe,pc,search,business,2026-09-24
U0174,2026-09-24 11:53:00,visit,pc,search,programming,2026-09-10
U0174,2026-09-24 11:56:00,view_course,pc,search,programming,2026-09-10
U0120,2026-09-24 12:00:00,view_course,mobile,search,programming,2026-09-24
U0120,2026-09-24 12:01:00,start_trial,mobile,search,programming,2026-09-24
U0120,2026-09-24 12:14:00,start_lesson,mobile,search,programming,2026-09-24
U0144,2026-09-24 12:35:00,visit,mobile,ad,programming,2026-09-24
U0160,2026-09-24 12:50:00,visit,mobile,referral,data,2026-09-24
U0160,2026-09-24 13:01:00,view_course,mobile,referral,data,2026-09-24
U0160,2026-09-24 13:06:00,view_course,mobile,referral,data,2026-09-24
U0160,2026-09-24 13:18:00,start_trial,mobile,referral,data,2026-09-24
U0160,2026-09-24 13:30:00,start_lesson,mobile,referral,data,2026-09-24
U0016,2026-09-24 13:44:00,visit,pc,ad,business,2026-09-24
U0160,2026-09-24 13:54:00,complete_lesson,mobile,referral,data,2026-09-24
U0016,2026-09-24 13:56:00,view_course,pc,ad,business,2026-09-24
U0016,2026-09-24 14:09:00,start_trial,pc,ad,business,2026-09-24
U0083,2026-09-24 14:10:00,visit,mobile,ad,data,2026-09-17
U0195,2026-09-24 14:22:00,visit,mobile,ad,data,2026-09-17
U0083,2026-09-24 14:24:00,view_course,mobile,ad,data,2026-09-17
U0228,2026-09-24 14:55:00,visit,mobile,referral,data,2026-09-23
U0136,2026-09-24 15:02:00,visit,mobile,search,programming,2026-09-24
U0136,2026-09-24 15:05:00,view_course,mobile,search,programming,2026-09-24
U0228,2026-09-24 15:06:00,view_course,mobile,referral,data,2026-09-23
U0132,2026-09-24 15:09:00,visit,pc,referral,data,2026-09-24
U0136,2026-09-24 15:15:00,start_trial,mobile,search,programming,2026-09-24
U0096,2026-09-24 15:17:00,visit,pc,ad,data,2026-09-23
U0132,2026-09-24 15:21:00,view_course,pc,referral,data,2026-09-24
U0096,2026-09-24 15:24:00,start_lesson,pc,ad,data,2026-09-23
U0132,2026-09-24 15:29:00,start_trial,pc,referral,data,2026-09-24
U0132,2026-09-24 15:32:00,view_course,pc,referral,data,2026-09-24
U0187,2026-09-24 15:37:00,visit,mobile,ad,data,2026-09-17
U0136,2026-09-24 15:40:00,start_lesson,mobile,search,programming,2026-09-24
U0187,2026-09-24 15:44:00,start_lesson,mobile,ad,data,2026-09-17
U0187,2026-09-24 15:45:00,view_course,mobile,ad,data,2026-09-17
U0024,2026-09-24 16:00:00,visit,mobile,search,data,2026-09-23
U0024,2026-09-24 16:05:00,view_course,mobile,search,data,2026-09-23
U0024,2026-09-24 16:08:00,start_lesson,mobile,search,data,2026-09-23
U0048,2026-09-24 16:25:00,visit,mobile,referral,programming,2026-09-23
U0048,2026-09-24 16:33:00,view_course,mobile,referral,programming,2026-09-23
U0020,2026-09-24 16:40:00,visit,pc,search,programming,2026-09-23
U0020,2026-09-24 16:47:00,view_course,pc,search,programming,2026-09-23
U0116,2026-09-24 16:47:00,visit,mobile,referral,programming,2026-09-23
U0116,2026-09-24 16:53:00,view_course,mobile,referral,programming,2026-09-23
U0203,2026-09-24 17:36:00,visit,mobile,referral,business,2026-09-17
U0203,2026-09-24 17:39:00,view_course,mobile,referral,business,2026-09-17
U0203,2026-09-24 17:42:00,start_lesson,mobile,referral,business,2026-09-17
U0058,2026-09-24 17:48:00,visit,pc,search,data,2026-09-10
U0040,2026-09-24 17:54:00,visit,pc,ad,business,2026-09-24
U0058,2026-09-24 17:56:00,view_course,pc,search,data,2026-09-10
U0058,2026-09-24 17:56:00,start_lesson,pc,search,data,2026-09-10
U0040,2026-09-24 17:58:00,view_course,pc,ad,business,2026-09-24
U0200,2026-09-24 18:00:00,visit,mobile,search,data,2026-09-23
U0200,2026-09-24 18:01:00,view_course,mobile,search,data,2026-09-23
U0216,2026-09-24 18:04:00,visit,pc,ad,programming,2026-09-23
U0216,2026-09-24 18:16:00,view_course,pc,ad,programming,2026-09-23
U0072,2026-09-24 18:17:00,visit,mobile,search,business,2026-09-24
U0072,2026-09-24 18:20:00,view_course,mobile,search,business,2026-09-24
U0200,2026-09-24 18:29:00,start_lesson,mobile,search,data,2026-09-23
U0156,2026-09-24 18:38:00,visit,pc,referral,programming,2026-09-24
U0156,2026-09-24 18:48:00,view_course,pc,referral,programming,2026-09-24
U0220,2026-09-24 18:48:00,visit,mobile,search,programming,2026-09-24
U0156,2026-09-24 18:57:00,view_course,pc,referral,programming,2026-09-24
U0220,2026-09-24 18:59:00,view_course,mobile,search,programming,2026-09-24
U0156,2026-09-24 19:02:00,start_trial,pc,referral,programming,2026-09-24
U0220,2026-09-24 19:11:00,start_trial,mobile,search,programming,2026-09-24
U0100,2026-09-24 19:20:00,visit,mobile,referral,data,2026-09-23
U0220,2026-09-24 19:24:00,start_lesson,mobile,search,programming,2026-09-24
U0100,2026-09-24 19:26:00,view_course,mobile,referral,data,2026-09-23
U0028,2026-09-24 19:40:00,visit,mobile,referral,data,2026-09-24
U0244,2026-09-24 19:51:00,visit,mobile,referral,data,2026-09-23
U0142,2026-09-24 19:53:00,visit,pc,referral,programming,2026-09-10
U0244,2026-09-24 19:53:00,view_course,mobile,referral,data,2026-09-23
U0080,2026-09-24 20:03:00,visit,pc,search,data,2026-09-24
U0080,2026-09-24 20:05:00,view_course,pc,search,data,2026-09-24
U0080,2026-09-24 20:10:00,view_course,pc,search,data,2026-09-24
U0244,2026-09-24 20:14:00,start_lesson,mobile,referral,data,2026-09-23
U0220,2026-09-24 20:17:00,complete_lesson,mobile,search,programming,2026-09-24
U0220,2026-09-24 20:20:00,subscribe,mobile,search,programming,2026-09-24
U0068,2026-09-24 20:33:00,visit,mobile,ad,programming,2026-09-24
U0068,2026-09-24 20:42:00,view_course,mobile,ad,programming,2026-09-24
U0068,2026-09-24 20:53:00,start_trial,mobile,ad,programming,2026-09-24
U0068,2026-09-24 21:06:00,start_lesson,mobile,ad,programming,2026-09-24
U0234,2026-09-24 21:40:00,visit,mobile,referral,business,2026-09-10
U0068,2026-09-24 21:43:00,complete_lesson,mobile,ad,programming,2026-09-24
U0008,2026-09-24 21:44:00,visit,pc,ad,programming,2026-09-24
U0008,2026-09-24 21:48:00,view_course,pc,ad,programming,2026-09-24
U0234,2026-09-24 21:54:00,view_course,mobile,referral,business,2026-09-10
U0008,2026-09-24 22:02:00,start_trial,pc,ad,programming,2026-09-24
U0008,2026-09-24 22:10:00,start_lesson,pc,ad,programming,2026-09-24
U0156,2026-09-25 00:38:00,share,pc,referral,programming,2026-09-24
U0140,2026-09-25 08:11:00,visit,mobile,search,programming,2026-09-24
U0140,2026-09-25 08:16:00,view_course,mobile,search,programming,2026-09-24
U0120,2026-09-25 10:20:00,visit,mobile,search,programming,2026-09-24
U0144,2026-09-25 11:58:00,visit,mobile,ad,programming,2026-09-24
U0016,2026-09-25 12:04:00,visit,pc,ad,business,2026-09-24
U0144,2026-09-25 12:09:00,view_course,mobile,ad,programming,2026-09-24
U0144,2026-09-25 12:11:00,start_lesson,mobile,ad,programming,2026-09-24
U0016,2026-09-25 12:12:00,view_course,pc,ad,business,2026-09-24
U0192,2026-09-25 12:40:00,visit,mobile,ad,data,2026-09-24
U0192,2026-09-25 12:47:00,view_course,mobile,ad,data,2026-09-24
U0132,2026-09-25 14:05:00,visit,pc,referral,data,2026-09-24
U0132,2026-09-25 14:07:00,view_course,pc,referral,data,2026-09-24
U0132,2026-09-25 14:30:00,start_lesson,pc,referral,data,2026-09-24
U0068,2026-09-25 20:13:00,visit,mobile,ad,programming,2026-09-24
U0156,2026-09-25 21:10:00,visit,pc,referral,programming,2026-09-24
U0156,2026-09-25 21:15:00,view_course,pc,referral,programming,2026-09-24
U0211,2026-09-29 08:05:00,visit,mobile,referral,data,2026-09-15
U0211,2026-09-29 08:28:00,start_lesson,mobile,referral,data,2026-09-15
U0088,2026-09-29 09:17:00,visit,pc,referral,programming,2026-09-22
U0088,2026-09-29 09:29:00,start_lesson,pc,referral,programming,2026-09-22
U0075,2026-09-29 11:51:00,visit,mobile,search,data,2026-09-15
U0075,2026-09-29 12:05:00,start_lesson,mobile,search,data,2026-09-15
U0104,2026-09-29 12:08:00,visit,mobile,search,programming,2026-09-22
U0104,2026-09-29 12:15:00,view_course,mobile,search,programming,2026-09-22
U0104,2026-09-29 12:23:00,start_lesson,mobile,search,programming,2026-09-22
U0119,2026-09-29 15:32:00,visit,mobile,ad,programming,2026-09-15
U0119,2026-09-29 15:37:00,view_course,mobile,ad,programming,2026-09-15
U0076,2026-09-29 20:57:00,visit,mobile,ad,programming,2026-09-22
U0076,2026-09-29 21:10:00,view_course,mobile,ad,programming,2026-09-22
U0092,2026-09-30 08:38:00,visit,mobile,search,data,2026-09-23
U0092,2026-09-30 08:50:00,view_course,mobile,search,data,2026-09-23
U0148,2026-09-30 12:31:00,visit,mobile,search,data,2026-09-23
U0148,2026-09-30 12:36:00,view_course,mobile,search,data,2026-09-23
U0239,2026-09-30 14:02:00,visit,mobile,search,data,2026-09-16
U0239,2026-09-30 14:10:00,view_course,mobile,search,data,2026-09-16
U0216,2026-09-30 15:17:00,visit,pc,ad,programming,2026-09-23
U0103,2026-09-30 15:42:00,visit,pc,search,data,2026-09-16
U0103,2026-09-30 15:56:00,start_lesson,pc,search,data,2026-09-16
U0228,2026-09-30 17:06:00,visit,mobile,referral,data,2026-09-23
U0228,2026-09-30 17:16:00,start_lesson,mobile,referral,data,2026-09-23
U0228,2026-09-30 17:20:00,view_course,mobile,referral,data,2026-09-23
U0036,2026-09-30 18:06:00,visit,pc,ad,business,2026-09-23
U0036,2026-09-30 18:15:00,start_lesson,pc,ad,business,2026-09-23
U0027,2026-09-30 19:40:00,visit,pc,ad,data,2026-09-16
U0027,2026-09-30 19:41:00,view_course,pc,ad,data,2026-09-16
U0120,2026-10-01 10:41:00,visit,mobile,search,programming,2026-09-24
U0064,2026-10-01 11:08:00,visit,mobile,search,business,2026-09-24
U0064,2026-10-01 11:21:00,view_course,mobile,search,business,2026-09-24
U0064,2026-10-01 11:36:00,start_lesson,mobile,search,business,2026-09-24
U0132,2026-10-01 13:25:00,visit,pc,referral,data,2026-09-24
U0132,2026-10-01 13:28:00,view_course,pc,referral,data,2026-09-24
U0160,2026-10-01 13:39:00,visit,mobile,referral,data,2026-09-24
U0160,2026-10-01 13:51:00,start_lesson,mobile,referral,data,2026-09-24
U0072,2026-10-01 20:25:00,visit,mobile,search,business,2026-09-24
U0072,2026-10-01 20:41:00,start_lesson,mobile,search,business,2026-09-24
U0220,2026-10-01 20:48:00,visit,mobile,search,programming,2026-09-24
U0220,2026-10-01 20:49:00,view_course,mobile,search,programming,2026-09-24
U0035,2026-10-01 20:52:00,visit,mobile,search,programming,2026-09-17
U0035,2026-10-01 20:59:00,view_course,mobile,search,programming,2026-09-17
U0035,2026-10-01 21:01:00,start_lesson,mobile,search,programming,2026-09-17
U0068,2026-10-01 22:52:00,visit,mobile,ad,programming,2026-09-24
U0068,2026-10-01 22:55:00,view_course,mobile,ad,programming,2026-09-24
U0180,2026-10-06 21:32:00,visit,mobile,referral,data,2026-09-22
U0180,2026-10-06 21:41:00,view_course,mobile,referral,data,2026-09-22
U0180,2026-10-06 21:54:00,start_lesson,mobile,referral,data,2026-09-22
U0248,2026-10-07 11:28:00,visit,pc,search,programming,2026-09-23
U0248,2026-10-07 11:31:00,view_course,pc,search,programming,2026-09-23
U0248,2026-10-07 11:43:00,start_lesson,pc,search,programming,2026-09-23
U0148,2026-10-07 13:51:00,visit,mobile,search,data,2026-09-23
U0148,2026-10-07 14:02:00,view_course,mobile,search,data,2026-09-23
U0128,2026-10-08 09:24:00,visit,pc,referral,data,2026-09-24
U0128,2026-10-08 09:32:00,view_course,pc,referral,data,2026-09-24
U0128,2026-10-08 09:32:00,start_lesson,pc,referral,data,2026-09-24
U0140,2026-10-08 09:42:00,visit,mobile,search,programming,2026-09-24
U0140,2026-10-08 09:52:00,view_course,mobile,search,programming,2026-09-24
U0140,2026-10-08 09:56:00,start_lesson,mobile,search,programming,2026-09-24
U0028,2026-10-08 22:07:00,visit,mobile,referral,data,2026-09-24
U0028,2026-10-08 22:10:00,view_course,mobile,referral,data,2026-09-24
U0080,2026-10-08 22:15:00,visit,pc,search,data,2026-09-24
U0080,2026-10-08 22:21:00,view_course,pc,search,data,2026-09-24
