user_id,event_time,event_name,device,acquisition_channel,signup_date
U038,2026-08-03 08:08:00,visit,mobile,ad,2026-08-03 00:00:00
U038,2026-08-03 08:13:00,view_product,mobile,ad,2026-08-03 00:00:00
U038,2026-08-03 08:16:00,view_product,mobile,ad,2026-08-03 00:00:00
U052,2026-08-03 13:01:00,visit,pc,referral,2026-08-03 00:00:00
U052,2026-08-03 13:10:00,view_product,pc,referral,2026-08-03 00:00:00
U052,2026-08-03 13:17:00,view_product,pc,referral,2026-08-03 00:00:00
U052,2026-08-03 13:23:00,add_cart,pc,referral,2026-08-03 00:00:00
U052,2026-08-03 13:26:00,begin_checkout,pc,referral,2026-08-03 00:00:00
U052,2026-08-03 13:31:00,purchase,pc,referral,2026-08-03 00:00:00
U057,2026-08-03 14:56:00,visit,pc,search,2026-08-03 00:00:00
U057,2026-08-03 15:03:00,view_product,pc,search,2026-08-03 00:00:00
U001,2026-08-03 15:46:00,visit,mobile,search,2026-08-03 00:00:00
U001,2026-08-03 15:57:00,view_product,mobile,search,2026-08-03 00:00:00
U001,2026-08-03 16:00:00,add_cart,mobile,search,2026-08-03 00:00:00
U001,2026-08-03 16:05:00,begin_checkout,mobile,search,2026-08-03 00:00:00
U001,2026-08-03 16:12:00,purchase,mobile,search,2026-08-03 00:00:00
U004,2026-08-04 08:56:00,visit,mobile,search,2026-08-04 00:00:00
U004,2026-08-04 09:07:00,view_product,mobile,search,2026-08-04 00:00:00
U004,2026-08-04 09:13:00,add_cart,mobile,search,2026-08-04 00:00:00
U041,2026-08-04 11:00:00,visit,mobile,ad,2026-08-04 00:00:00
U008,2026-08-04 11:54:00,visit,mobile,search,2026-08-04 00:00:00
U042,2026-08-04 15:30:00,visit,pc,referral,2026-08-04 00:00:00
U042,2026-08-04 15:33:00,view_product,pc,referral,2026-08-04 00:00:00
U042,2026-08-04 15:43:00,add_cart,pc,referral,2026-08-04 00:00:00
U042,2026-08-04 15:44:00,begin_checkout,pc,referral,2026-08-04 00:00:00
U038,2026-08-04 17:23:00,visit,mobile,ad,2026-08-03 00:00:00
U003,2026-08-04 18:30:00,visit,pc,ad,2026-08-04 00:00:00
U003,2026-08-04 18:33:00,view_product,pc,ad,2026-08-04 00:00:00
U028,2026-08-04 18:33:00,visit,pc,search,2026-08-04 00:00:00
U028,2026-08-04 18:34:00,view_product,pc,search,2026-08-04 00:00:00
U028,2026-08-04 18:42:00,add_cart,pc,search,2026-08-04 00:00:00
U003,2026-08-04 18:44:00,add_cart,pc,ad,2026-08-04 00:00:00
U028,2026-08-04 18:47:00,begin_checkout,pc,search,2026-08-04 00:00:00
U026,2026-08-04 19:14:00,visit,mobile,referral,2026-08-04 00:00:00
U018,2026-08-04 19:15:00,visit,mobile,referral,2026-08-04 00:00:00
U018,2026-08-04 19:21:00,view_product,mobile,referral,2026-08-04 00:00:00
U026,2026-08-04 19:21:00,view_product,mobile,referral,2026-08-04 00:00:00
U018,2026-08-04 19:28:00,add_cart,mobile,referral,2026-08-04 00:00:00
U018,2026-08-04 19:29:00,view_product,mobile,referral,2026-08-04 00:00:00
U026,2026-08-04 19:30:00,add_cart,mobile,referral,2026-08-04 00:00:00
U059,2026-08-04 19:32:00,visit,mobile,ad,2026-08-04 00:00:00
U018,2026-08-04 19:34:00,begin_checkout,mobile,referral,2026-08-04 00:00:00
U059,2026-08-04 19:42:00,view_product,mobile,ad,2026-08-04 00:00:00
U022,2026-08-04 21:17:00,visit,pc,referral,2026-08-04 00:00:00
U022,2026-08-04 21:26:00,view_product,pc,referral,2026-08-04 00:00:00
U022,2026-08-04 21:31:00,add_cart,pc,referral,2026-08-04 00:00:00
U022,2026-08-04 21:36:00,begin_checkout,pc,referral,2026-08-04 00:00:00
U022,2026-08-04 21:43:00,purchase,pc,referral,2026-08-04 00:00:00
U022,2026-08-04 21:57:00,share,pc,referral,2026-08-04 00:00:00
U008,2026-08-05 08:01:00,visit,mobile,search,2026-08-04 00:00:00
U041,2026-08-05 09:40:00,visit,mobile,ad,2026-08-04 00:00:00
U028,2026-08-05 10:28:00,visit,pc,search,2026-08-04 00:00:00
U004,2026-08-05 10:37:00,visit,mobile,search,2026-08-04 00:00:00
U030,2026-08-05 11:10:00,visit,mobile,search,2026-08-05 00:00:00
U030,2026-08-05 11:11:00,view_product,mobile,search,2026-08-05 00:00:00
U030,2026-08-05 11:21:00,add_cart,mobile,search,2026-08-05 00:00:00
U033,2026-08-05 11:45:00,visit,mobile,search,2026-08-05 00:00:00
U033,2026-08-05 11:48:00,view_product,mobile,search,2026-08-05 00:00:00
U033,2026-08-05 11:58:00,add_cart,mobile,search,2026-08-05 00:00:00
U012,2026-08-05 14:19:00,visit,mobile,search,2026-08-05 00:00:00
U029,2026-08-05 14:55:00,visit,mobile,search,2026-08-05 00:00:00
U029,2026-08-05 14:56:00,view_product,mobile,search,2026-08-05 00:00:00
U029,2026-08-05 14:59:00,add_cart,mobile,search,2026-08-05 00:00:00
U029,2026-08-05 15:05:00,begin_checkout,mobile,search,2026-08-05 00:00:00
U029,2026-08-05 15:12:00,purchase,mobile,search,2026-08-05 00:00:00
U047,2026-08-05 18:04:00,visit,pc,referral,2026-08-05 00:00:00
U047,2026-08-05 18:13:00,view_product,pc,referral,2026-08-05 00:00:00
U047,2026-08-05 18:17:00,add_cart,pc,referral,2026-08-05 00:00:00
U047,2026-08-05 18:18:00,begin_checkout,pc,referral,2026-08-05 00:00:00
U047,2026-08-05 18:22:00,purchase,pc,referral,2026-08-05 00:00:00
U059,2026-08-05 20:01:00,visit,mobile,ad,2026-08-04 00:00:00
U002,2026-08-05 20:18:00,visit,pc,search,2026-08-05 00:00:00
U002,2026-08-05 20:21:00,view_product,pc,search,2026-08-05 00:00:00
U002,2026-08-05 20:33:00,add_cart,pc,search,2026-08-05 00:00:00
U002,2026-08-05 20:39:00,begin_checkout,pc,search,2026-08-05 00:00:00
U002,2026-08-05 20:42:00,purchase,pc,search,2026-08-05 00:00:00
U002,2026-08-05 20:56:00,share,pc,search,2026-08-05 00:00:00
U040,2026-08-06 08:45:00,visit,pc,search,2026-08-06 00:00:00
U048,2026-08-06 10:12:00,visit,pc,search,2026-08-06 00:00:00
U048,2026-08-06 10:15:00,view_product,pc,search,2026-08-06 00:00:00
U048,2026-08-06 10:22:00,add_cart,pc,search,2026-08-06 00:00:00
U048,2026-08-06 10:26:00,begin_checkout,pc,search,2026-08-06 00:00:00
U048,2026-08-06 10:30:00,purchase,pc,search,2026-08-06 00:00:00
U050,2026-08-06 11:24:00,visit,mobile,ad,2026-08-06 00:00:00
U050,2026-08-06 11:25:00,view_product,mobile,ad,2026-08-06 00:00:00
U060,2026-08-06 12:45:00,visit,mobile,ad,2026-08-06 00:00:00
U060,2026-08-06 12:56:00,view_product,mobile,ad,2026-08-06 00:00:00
U013,2026-08-06 13:33:00,visit,mobile,search,2026-08-06 00:00:00
U013,2026-08-06 13:37:00,view_product,mobile,search,2026-08-06 00:00:00
U013,2026-08-06 13:41:00,add_cart,mobile,search,2026-08-06 00:00:00
U013,2026-08-06 13:46:00,begin_checkout,mobile,search,2026-08-06 00:00:00
U031,2026-08-06 13:56:00,visit,mobile,search,2026-08-06 00:00:00
U011,2026-08-06 14:17:00,visit,pc,search,2026-08-06 00:00:00
U011,2026-08-06 14:28:00,view_product,pc,search,2026-08-06 00:00:00
U011,2026-08-06 14:42:00,add_cart,pc,search,2026-08-06 00:00:00
U011,2026-08-06 14:47:00,begin_checkout,pc,search,2026-08-06 00:00:00
U046,2026-08-06 15:24:00,visit,mobile,ad,2026-08-06 00:00:00
U046,2026-08-06 15:26:00,view_product,mobile,ad,2026-08-06 00:00:00
U035,2026-08-06 15:28:00,visit,mobile,search,2026-08-06 00:00:00
U035,2026-08-06 15:35:00,view_product,mobile,search,2026-08-06 00:00:00
U046,2026-08-06 15:35:00,add_cart,mobile,ad,2026-08-06 00:00:00
U046,2026-08-06 15:37:00,begin_checkout,mobile,ad,2026-08-06 00:00:00
U046,2026-08-06 15:43:00,purchase,mobile,ad,2026-08-06 00:00:00
U046,2026-08-06 16:10:00,share,mobile,ad,2026-08-06 00:00:00
U039,2026-08-06 16:11:00,visit,mobile,ad,2026-08-06 00:00:00
U039,2026-08-06 16:18:00,view_product,mobile,ad,2026-08-06 00:00:00
U033,2026-08-06 16:56:00,visit,mobile,search,2026-08-05 00:00:00
U054,2026-08-06 17:39:00,visit,mobile,search,2026-08-06 00:00:00
U027,2026-08-06 19:08:00,visit,pc,search,2026-08-06 00:00:00
U027,2026-08-06 19:17:00,view_product,pc,search,2026-08-06 00:00:00
U027,2026-08-06 19:19:00,add_cart,pc,search,2026-08-06 00:00:00
U015,2026-08-06 19:24:00,visit,mobile,ad,2026-08-06 00:00:00
U015,2026-08-06 19:25:00,view_product,mobile,ad,2026-08-06 00:00:00
U015,2026-08-06 19:37:00,add_cart,mobile,ad,2026-08-06 00:00:00
U015,2026-08-06 19:44:00,begin_checkout,mobile,ad,2026-08-06 00:00:00
U020,2026-08-06 20:33:00,visit,pc,referral,2026-08-06 00:00:00
U020,2026-08-06 20:43:00,view_product,pc,referral,2026-08-06 00:00:00
U007,2026-08-07 08:29:00,visit,pc,ad,2026-08-07 00:00:00
U007,2026-08-07 08:30:00,view_product,pc,ad,2026-08-07 00:00:00
U007,2026-08-07 08:41:00,add_cart,pc,ad,2026-08-07 00:00:00
U039,2026-08-07 11:32:00,visit,mobile,ad,2026-08-06 00:00:00
U055,2026-08-07 13:47:00,visit,mobile,search,2026-08-07 00:00:00
U055,2026-08-07 13:49:00,view_product,mobile,search,2026-08-07 00:00:00
U016,2026-08-07 13:50:00,visit,mobile,referral,2026-08-07 00:00:00
U055,2026-08-07 13:52:00,add_cart,mobile,search,2026-08-07 00:00:00
U016,2026-08-07 13:54:00,view_product,mobile,referral,2026-08-07 00:00:00
U055,2026-08-07 13:55:00,begin_checkout,mobile,search,2026-08-07 00:00:00
U016,2026-08-07 13:59:00,add_cart,mobile,referral,2026-08-07 00:00:00
U055,2026-08-07 13:59:00,purchase,mobile,search,2026-08-07 00:00:00
U016,2026-08-07 14:02:00,begin_checkout,mobile,referral,2026-08-07 00:00:00
U024,2026-08-07 14:31:00,visit,mobile,ad,2026-08-07 00:00:00
U024,2026-08-07 14:42:00,view_product,mobile,ad,2026-08-07 00:00:00
U024,2026-08-07 14:43:00,view_product,mobile,ad,2026-08-07 00:00:00
U024,2026-08-07 14:49:00,add_cart,mobile,ad,2026-08-07 00:00:00
U024,2026-08-07 14:57:00,begin_checkout,mobile,ad,2026-08-07 00:00:00
U048,2026-08-07 15:23:00,visit,pc,search,2026-08-06 00:00:00
U043,2026-08-07 17:25:00,visit,mobile,ad,2026-08-07 00:00:00
U043,2026-08-07 17:28:00,view_product,mobile,ad,2026-08-07 00:00:00
U017,2026-08-07 17:32:00,visit,pc,search,2026-08-07 00:00:00
U017,2026-08-07 17:43:00,view_product,pc,search,2026-08-07 00:00:00
U017,2026-08-07 17:50:00,add_cart,pc,search,2026-08-07 00:00:00
U014,2026-08-07 19:54:00,visit,mobile,ad,2026-08-07 00:00:00
U014,2026-08-07 19:56:00,view_product,mobile,ad,2026-08-07 00:00:00
U010,2026-08-07 20:11:00,visit,mobile,ad,2026-08-07 00:00:00
U010,2026-08-07 20:16:00,view_product,mobile,ad,2026-08-07 00:00:00
U010,2026-08-07 20:27:00,add_cart,mobile,ad,2026-08-07 00:00:00
U010,2026-08-07 20:35:00,begin_checkout,mobile,ad,2026-08-07 00:00:00
U010,2026-08-07 20:38:00,purchase,mobile,ad,2026-08-07 00:00:00
U011,2026-08-07 20:54:00,visit,pc,search,2026-08-06 00:00:00
U010,2026-08-07 21:07:00,share,mobile,ad,2026-08-07 00:00:00
U010,2026-08-08 08:51:00,visit,mobile,ad,2026-08-07 00:00:00
U017,2026-08-08 10:41:00,visit,pc,search,2026-08-07 00:00:00
U005,2026-08-08 13:56:00,visit,pc,referral,2026-08-08 00:00:00
U005,2026-08-08 14:00:00,view_product,pc,referral,2026-08-08 00:00:00
U005,2026-08-08 14:03:00,add_cart,pc,referral,2026-08-08 00:00:00
U005,2026-08-08 14:08:00,begin_checkout,pc,referral,2026-08-08 00:00:00
U005,2026-08-08 14:12:00,purchase,pc,referral,2026-08-08 00:00:00
U005,2026-08-08 14:18:00,share,pc,referral,2026-08-08 00:00:00
U049,2026-08-08 14:20:00,visit,mobile,ad,2026-08-08 00:00:00
U043,2026-08-08 14:34:00,visit,mobile,ad,2026-08-07 00:00:00
U053,2026-08-08 16:02:00,visit,mobile,search,2026-08-08 00:00:00
U053,2026-08-08 16:08:00,view_product,mobile,search,2026-08-08 00:00:00
U053,2026-08-08 16:20:00,add_cart,mobile,search,2026-08-08 00:00:00
U053,2026-08-08 16:22:00,begin_checkout,mobile,search,2026-08-08 00:00:00
U024,2026-08-08 17:35:00,visit,mobile,ad,2026-08-07 00:00:00
U045,2026-08-08 19:30:00,visit,pc,referral,2026-08-08 00:00:00
U045,2026-08-08 19:34:00,view_product,pc,referral,2026-08-08 00:00:00
U045,2026-08-08 19:44:00,add_cart,pc,referral,2026-08-08 00:00:00
U045,2026-08-08 19:52:00,begin_checkout,pc,referral,2026-08-08 00:00:00
U045,2026-08-08 19:56:00,purchase,pc,referral,2026-08-08 00:00:00
U016,2026-08-08 20:35:00,visit,mobile,referral,2026-08-07 00:00:00
U037,2026-08-08 20:52:00,visit,mobile,search,2026-08-08 00:00:00
U037,2026-08-08 21:01:00,view_product,mobile,search,2026-08-08 00:00:00
U036,2026-08-08 21:06:00,visit,mobile,referral,2026-08-08 00:00:00
U036,2026-08-08 21:09:00,view_product,mobile,referral,2026-08-08 00:00:00
U025,2026-08-09 09:57:00,visit,mobile,search,2026-08-09 00:00:00
U058,2026-08-09 10:03:00,visit,pc,ad,2026-08-09 00:00:00
U056,2026-08-09 10:20:00,visit,mobile,referral,2026-08-09 00:00:00
U056,2026-08-09 10:30:00,view_product,mobile,referral,2026-08-09 00:00:00
U056,2026-08-09 10:36:00,add_cart,mobile,referral,2026-08-09 00:00:00
U019,2026-08-09 11:03:00,visit,mobile,ad,2026-08-09 00:00:00
U037,2026-08-09 12:55:00,visit,mobile,search,2026-08-08 00:00:00
U032,2026-08-09 16:34:00,visit,pc,search,2026-08-09 00:00:00
U032,2026-08-09 16:41:00,view_product,pc,search,2026-08-09 00:00:00
U032,2026-08-09 16:43:00,add_cart,pc,search,2026-08-09 00:00:00
U032,2026-08-09 16:49:00,begin_checkout,pc,search,2026-08-09 00:00:00
U032,2026-08-09 16:55:00,purchase,pc,search,2026-08-09 00:00:00
U023,2026-08-09 17:32:00,visit,pc,search,2026-08-09 00:00:00
U023,2026-08-09 17:41:00,view_product,pc,search,2026-08-09 00:00:00
U051,2026-08-09 17:41:00,visit,mobile,search,2026-08-09 00:00:00
U051,2026-08-09 17:50:00,view_product,mobile,search,2026-08-09 00:00:00
U051,2026-08-09 18:04:00,add_cart,mobile,search,2026-08-09 00:00:00
U044,2026-08-09 18:17:00,visit,mobile,referral,2026-08-09 00:00:00
U009,2026-08-09 18:20:00,visit,mobile,referral,2026-08-09 00:00:00
U006,2026-08-09 18:25:00,visit,pc,ad,2026-08-09 00:00:00
U009,2026-08-09 18:25:00,view_product,mobile,referral,2026-08-09 00:00:00
U044,2026-08-09 18:25:00,view_product,mobile,referral,2026-08-09 00:00:00
U009,2026-08-09 18:34:00,add_cart,mobile,referral,2026-08-09 00:00:00
U044,2026-08-09 18:34:00,add_cart,mobile,referral,2026-08-09 00:00:00
U044,2026-08-09 18:42:00,begin_checkout,mobile,referral,2026-08-09 00:00:00
U044,2026-08-09 18:49:00,purchase,mobile,referral,2026-08-09 00:00:00
U044,2026-08-09 19:16:00,share,mobile,referral,2026-08-09 00:00:00
U021,2026-08-09 20:23:00,visit,mobile,search,2026-08-09 00:00:00
U021,2026-08-09 20:34:00,view_product,mobile,search,2026-08-09 00:00:00
U021,2026-08-09 20:37:00,add_cart,mobile,search,2026-08-09 00:00:00
U021,2026-08-09 20:43:00,begin_checkout,mobile,search,2026-08-09 00:00:00
U034,2026-08-09 21:16:00,visit,pc,ad,2026-08-09 00:00:00
U056,2026-08-10 09:58:00,visit,mobile,referral,2026-08-09 00:00:00
U051,2026-08-10 10:13:00,visit,mobile,search,2026-08-09 00:00:00
U079,2026-08-10 13:01:00,visit,pc,ad,2026-08-10 00:00:00
U025,2026-08-10 13:23:00,visit,mobile,search,2026-08-09 00:00:00
U006,2026-08-10 13:37:00,visit,pc,ad,2026-08-09 00:00:00
U044,2026-08-10 14:30:00,visit,mobile,referral,2026-08-09 00:00:00
U062,2026-08-10 16:09:00,visit,pc,search,2026-08-10 00:00:00
U062,2026-08-10 16:10:00,view_product,pc,search,2026-08-10 00:00:00
U062,2026-08-10 16:23:00,add_cart,pc,search,2026-08-10 00:00:00
U062,2026-08-10 16:32:00,begin_checkout,pc,search,2026-08-10 00:00:00
U088,2026-08-10 16:39:00,visit,pc,referral,2026-08-10 00:00:00
U088,2026-08-10 16:48:00,view_product,pc,referral,2026-08-10 00:00:00
U088,2026-08-10 16:51:00,add_cart,pc,referral,2026-08-10 00:00:00
U088,2026-08-10 17:00:00,begin_checkout,pc,referral,2026-08-10 00:00:00
U088,2026-08-10 17:04:00,purchase,pc,referral,2026-08-10 00:00:00
U110,2026-08-10 19:21:00,visit,pc,search,2026-08-10 00:00:00
U110,2026-08-10 19:30:00,view_product,pc,search,2026-08-10 00:00:00
U001,2026-08-10 19:49:00,visit,mobile,search,2026-08-03 00:00:00
U069,2026-08-10 20:43:00,visit,pc,search,2026-08-10 00:00:00
U069,2026-08-10 20:52:00,view_product,pc,search,2026-08-10 00:00:00
U118,2026-08-10 21:44:00,visit,mobile,ad,2026-08-10 00:00:00
U102,2026-08-10 21:49:00,visit,mobile,ad,2026-08-10 00:00:00
U102,2026-08-10 21:57:00,view_product,mobile,ad,2026-08-10 00:00:00
U065,2026-08-11 11:52:00,visit,mobile,referral,2026-08-11 00:00:00
U065,2026-08-11 11:59:00,view_product,mobile,referral,2026-08-11 00:00:00
U065,2026-08-11 12:03:00,add_cart,mobile,referral,2026-08-11 00:00:00
U065,2026-08-11 12:08:00,begin_checkout,mobile,referral,2026-08-11 00:00:00
U087,2026-08-11 13:15:00,visit,mobile,referral,2026-08-11 00:00:00
U087,2026-08-11 13:26:00,view_product,mobile,referral,2026-08-11 00:00:00
U087,2026-08-11 13:29:00,add_cart,mobile,referral,2026-08-11 00:00:00
U101,2026-08-11 14:22:00,visit,mobile,search,2026-08-11 00:00:00
U101,2026-08-11 14:28:00,view_product,mobile,search,2026-08-11 00:00:00
U089,2026-08-11 15:37:00,visit,pc,search,2026-08-11 00:00:00
U110,2026-08-11 15:58:00,visit,pc,search,2026-08-10 00:00:00
U061,2026-08-11 16:51:00,visit,mobile,referral,2026-08-11 00:00:00
U061,2026-08-11 17:02:00,view_product,mobile,referral,2026-08-11 00:00:00
U118,2026-08-11 17:19:00,visit,mobile,ad,2026-08-10 00:00:00
U071,2026-08-11 17:29:00,visit,pc,ad,2026-08-11 00:00:00
U071,2026-08-11 17:38:00,view_product,pc,ad,2026-08-11 00:00:00
U071,2026-08-11 17:51:00,add_cart,pc,ad,2026-08-11 00:00:00
U071,2026-08-11 17:53:00,begin_checkout,pc,ad,2026-08-11 00:00:00
U071,2026-08-11 17:55:00,purchase,pc,ad,2026-08-11 00:00:00
U071,2026-08-11 18:18:00,share,pc,ad,2026-08-11 00:00:00
U117,2026-08-11 18:55:00,visit,pc,referral,2026-08-11 00:00:00
U004,2026-08-11 18:58:00,visit,mobile,search,2026-08-04 00:00:00
U117,2026-08-11 18:59:00,view_product,pc,referral,2026-08-11 00:00:00
U117,2026-08-11 19:08:00,add_cart,pc,referral,2026-08-11 00:00:00
U117,2026-08-11 19:10:00,begin_checkout,pc,referral,2026-08-11 00:00:00
U117,2026-08-11 19:14:00,purchase,pc,referral,2026-08-11 00:00:00
U112,2026-08-11 21:56:00,visit,mobile,ad,2026-08-11 00:00:00
U112,2026-08-11 21:58:00,view_product,mobile,ad,2026-08-11 00:00:00
U112,2026-08-11 22:06:00,add_cart,mobile,ad,2026-08-11 00:00:00
U112,2026-08-11 22:09:00,begin_checkout,mobile,ad,2026-08-11 00:00:00
U112,2026-08-11 22:16:00,purchase,mobile,ad,2026-08-11 00:00:00
U112,2026-08-11 22:22:00,share,mobile,ad,2026-08-11 00:00:00
U065,2026-08-12 08:01:00,visit,mobile,referral,2026-08-11 00:00:00
U089,2026-08-12 08:37:00,visit,pc,search,2026-08-11 00:00:00
U073,2026-08-12 09:10:00,visit,pc,search,2026-08-12 00:00:00
U073,2026-08-12 09:17:00,view_product,pc,search,2026-08-12 00:00:00
U078,2026-08-12 09:46:00,visit,mobile,search,2026-08-12 00:00:00
U108,2026-08-12 10:01:00,visit,mobile,ad,2026-08-12 00:00:00
U108,2026-08-12 10:06:00,view_product,mobile,ad,2026-08-12 00:00:00
U108,2026-08-12 10:08:00,add_cart,mobile,ad,2026-08-12 00:00:00
U108,2026-08-12 10:14:00,view_product,mobile,ad,2026-08-12 00:00:00
U108,2026-08-12 10:15:00,begin_checkout,mobile,ad,2026-08-12 00:00:00
U012,2026-08-12 10:50:00,visit,mobile,search,2026-08-05 00:00:00
U096,2026-08-12 11:06:00,visit,mobile,referral,2026-08-12 00:00:00
U096,2026-08-12 11:09:00,view_product,mobile,referral,2026-08-12 00:00:00
U096,2026-08-12 11:22:00,add_cart,mobile,referral,2026-08-12 00:00:00
U096,2026-08-12 11:31:00,begin_checkout,mobile,referral,2026-08-12 00:00:00
U096,2026-08-12 11:38:00,purchase,mobile,referral,2026-08-12 00:00:00
U075,2026-08-12 13:28:00,visit,pc,referral,2026-08-12 00:00:00
U101,2026-08-12 14:12:00,visit,mobile,search,2026-08-11 00:00:00
U106,2026-08-12 14:59:00,visit,mobile,search,2026-08-12 00:00:00
U106,2026-08-12 15:10:00,view_product,mobile,search,2026-08-12 00:00:00
U106,2026-08-12 15:13:00,add_cart,mobile,search,2026-08-12 00:00:00
U106,2026-08-12 15:19:00,begin_checkout,mobile,search,2026-08-12 00:00:00
U106,2026-08-12 15:24:00,purchase,mobile,search,2026-08-12 00:00:00
U063,2026-08-12 16:54:00,visit,mobile,referral,2026-08-12 00:00:00
U063,2026-08-12 17:00:00,view_product,mobile,referral,2026-08-12 00:00:00
U063,2026-08-12 17:14:00,add_cart,mobile,referral,2026-08-12 00:00:00
U063,2026-08-12 17:18:00,begin_checkout,mobile,referral,2026-08-12 00:00:00
U074,2026-08-12 17:58:00,visit,mobile,ad,2026-08-12 00:00:00
U074,2026-08-12 18:00:00,view_product,mobile,ad,2026-08-12 00:00:00
U084,2026-08-12 18:08:00,visit,mobile,search,2026-08-12 00:00:00
U084,2026-08-12 18:19:00,view_product,mobile,search,2026-08-12 00:00:00
U084,2026-08-12 18:30:00,add_cart,mobile,search,2026-08-12 00:00:00
U084,2026-08-12 18:33:00,begin_checkout,mobile,search,2026-08-12 00:00:00
U084,2026-08-12 18:38:00,purchase,mobile,search,2026-08-12 00:00:00
U033,2026-08-12 19:01:00,visit,mobile,search,2026-08-05 00:00:00
U061,2026-08-12 20:15:00,visit,mobile,referral,2026-08-11 00:00:00
U067,2026-08-12 20:45:00,visit,mobile,ad,2026-08-12 00:00:00
U067,2026-08-12 20:55:00,view_product,mobile,ad,2026-08-12 00:00:00
U090,2026-08-12 21:37:00,visit,pc,referral,2026-08-12 00:00:00
U090,2026-08-12 21:46:00,view_product,pc,referral,2026-08-12 00:00:00
U090,2026-08-12 21:49:00,add_cart,pc,referral,2026-08-12 00:00:00
U090,2026-08-12 21:52:00,begin_checkout,pc,referral,2026-08-12 00:00:00
U068,2026-08-13 08:15:00,visit,mobile,ad,2026-08-13 00:00:00
U068,2026-08-13 08:18:00,view_product,mobile,ad,2026-08-13 00:00:00
U048,2026-08-13 09:38:00,visit,pc,search,2026-08-06 00:00:00
U107,2026-08-13 10:08:00,visit,mobile,ad,2026-08-13 00:00:00
U107,2026-08-13 10:09:00,view_product,mobile,ad,2026-08-13 00:00:00
U107,2026-08-13 10:17:00,add_cart,mobile,ad,2026-08-13 00:00:00
U107,2026-08-13 10:22:00,begin_checkout,mobile,ad,2026-08-13 00:00:00
U095,2026-08-13 10:36:00,visit,pc,ad,2026-08-13 00:00:00
U095,2026-08-13 10:38:00,view_product,pc,ad,2026-08-13 00:00:00
U095,2026-08-13 10:47:00,add_cart,pc,ad,2026-08-13 00:00:00
U095,2026-08-13 10:50:00,begin_checkout,pc,ad,2026-08-13 00:00:00
U095,2026-08-13 10:52:00,purchase,pc,ad,2026-08-13 00:00:00
U064,2026-08-13 11:52:00,visit,mobile,referral,2026-08-13 00:00:00
U064,2026-08-13 11:56:00,view_product,mobile,referral,2026-08-13 00:00:00
U064,2026-08-13 12:09:00,add_cart,mobile,referral,2026-08-13 00:00:00
U064,2026-08-13 12:16:00,begin_checkout,mobile,referral,2026-08-13 00:00:00
U096,2026-08-13 12:25:00,visit,mobile,referral,2026-08-12 00:00:00
U078,2026-08-13 12:39:00,visit,mobile,search,2026-08-12 00:00:00
U083,2026-08-13 13:42:00,visit,pc,referral,2026-08-13 00:00:00
U085,2026-08-13 13:48:00,visit,mobile,search,2026-08-13 00:00:00
U083,2026-08-13 13:52:00,view_product,pc,referral,2026-08-13 00:00:00
U085,2026-08-13 13:58:00,view_product,mobile,search,2026-08-13 00:00:00
U083,2026-08-13 14:06:00,add_cart,pc,referral,2026-08-13 00:00:00
U083,2026-08-13 14:07:00,begin_checkout,pc,referral,2026-08-13 00:00:00
U083,2026-08-13 14:08:00,purchase,pc,referral,2026-08-13 00:00:00
U070,2026-08-13 14:14:00,visit,pc,ad,2026-08-13 00:00:00
U070,2026-08-13 14:16:00,view_product,pc,ad,2026-08-13 00:00:00
U070,2026-08-13 14:23:00,add_cart,pc,ad,2026-08-13 00:00:00
U015,2026-08-13 15:30:00,visit,mobile,ad,2026-08-06 00:00:00
U013,2026-08-13 15:54:00,visit,mobile,search,2026-08-06 00:00:00
U106,2026-08-13 15:55:00,visit,mobile,search,2026-08-12 00:00:00
U039,2026-08-13 17:52:00,visit,mobile,ad,2026-08-06 00:00:00
U063,2026-08-13 18:11:00,visit,mobile,referral,2026-08-12 00:00:00
U050,2026-08-13 19:26:00,visit,mobile,ad,2026-08-06 00:00:00
U011,2026-08-13 21:11:00,visit,pc,search,2026-08-06 00:00:00
U074,2026-08-13 21:57:00,visit,mobile,ad,2026-08-12 00:00:00
U081,2026-08-14 09:15:00,visit,mobile,referral,2026-08-14 00:00:00
U081,2026-08-14 09:20:00,view_product,mobile,referral,2026-08-14 00:00:00
U080,2026-08-14 09:25:00,visit,pc,search,2026-08-14 00:00:00
U081,2026-08-14 09:34:00,add_cart,mobile,referral,2026-08-14 00:00:00
U081,2026-08-14 09:35:00,begin_checkout,mobile,referral,2026-08-14 00:00:00
U081,2026-08-14 09:37:00,purchase,mobile,referral,2026-08-14 00:00:00
U081,2026-08-14 09:55:00,share,mobile,referral,2026-08-14 00:00:00
U099,2026-08-14 11:57:00,visit,mobile,ad,2026-08-14 00:00:00
U099,2026-08-14 11:59:00,view_product,mobile,ad,2026-08-14 00:00:00
U016,2026-08-14 12:54:00,visit,mobile,referral,2026-08-07 00:00:00
U055,2026-08-14 16:43:00,visit,mobile,search,2026-08-07 00:00:00
U105,2026-08-14 16:55:00,visit,pc,search,2026-08-14 00:00:00
U105,2026-08-14 16:59:00,view_product,pc,search,2026-08-14 00:00:00
U083,2026-08-14 17:24:00,visit,pc,referral,2026-08-13 00:00:00
U086,2026-08-14 17:43:00,visit,mobile,search,2026-08-14 00:00:00
U086,2026-08-14 17:44:00,view_product,mobile,search,2026-08-14 00:00:00
U007,2026-08-14 18:10:00,visit,pc,ad,2026-08-07 00:00:00
U085,2026-08-14 20:50:00,visit,mobile,search,2026-08-13 00:00:00
U068,2026-08-14 21:19:00,visit,mobile,ad,2026-08-13 00:00:00
U120,2026-08-15 08:08:00,visit,pc,search,2026-08-15 00:00:00
U103,2026-08-15 08:20:00,visit,pc,search,2026-08-15 00:00:00
U103,2026-08-15 08:31:00,view_product,pc,search,2026-08-15 00:00:00
U103,2026-08-15 08:35:00,add_cart,pc,search,2026-08-15 00:00:00
U103,2026-08-15 08:38:00,begin_checkout,pc,search,2026-08-15 00:00:00
U103,2026-08-15 08:39:00,purchase,pc,search,2026-08-15 00:00:00
U116,2026-08-15 10:05:00,visit,mobile,ad,2026-08-15 00:00:00
U116,2026-08-15 10:10:00,view_product,mobile,ad,2026-08-15 00:00:00
U116,2026-08-15 10:24:00,add_cart,mobile,ad,2026-08-15 00:00:00
U116,2026-08-15 10:25:00,begin_checkout,mobile,ad,2026-08-15 00:00:00
U116,2026-08-15 10:29:00,purchase,mobile,ad,2026-08-15 00:00:00
U053,2026-08-15 13:30:00,visit,mobile,search,2026-08-08 00:00:00
U077,2026-08-15 13:34:00,visit,pc,referral,2026-08-15 00:00:00
U114,2026-08-15 13:41:00,visit,mobile,ad,2026-08-15 00:00:00
U077,2026-08-15 13:43:00,view_product,pc,referral,2026-08-15 00:00:00
U114,2026-08-15 13:51:00,view_product,mobile,ad,2026-08-15 00:00:00
U114,2026-08-15 14:05:00,add_cart,mobile,ad,2026-08-15 00:00:00
U114,2026-08-15 14:13:00,begin_checkout,mobile,ad,2026-08-15 00:00:00
U114,2026-08-15 14:17:00,purchase,mobile,ad,2026-08-15 00:00:00
U036,2026-08-15 14:49:00,visit,mobile,referral,2026-08-08 00:00:00
U094,2026-08-15 15:49:00,visit,pc,ad,2026-08-15 00:00:00
U094,2026-08-15 15:58:00,view_product,pc,ad,2026-08-15 00:00:00
U094,2026-08-15 16:07:00,add_cart,pc,ad,2026-08-15 00:00:00
U094,2026-08-15 16:10:00,begin_checkout,pc,ad,2026-08-15 00:00:00
U094,2026-08-15 16:15:00,purchase,pc,ad,2026-08-15 00:00:00
U080,2026-08-15 17:35:00,visit,pc,search,2026-08-14 00:00:00
U115,2026-08-15 19:40:00,visit,pc,search,2026-08-15 00:00:00
U113,2026-08-15 20:08:00,visit,mobile,search,2026-08-15 00:00:00
U113,2026-08-15 20:13:00,view_product,mobile,search,2026-08-15 00:00:00
U113,2026-08-15 20:23:00,add_cart,mobile,search,2026-08-15 00:00:00
U100,2026-08-15 21:16:00,visit,pc,ad,2026-08-15 00:00:00
U092,2026-08-16 08:10:00,visit,mobile,ad,2026-08-16 00:00:00
U082,2026-08-16 08:50:00,visit,pc,ad,2026-08-16 00:00:00
U082,2026-08-16 08:52:00,view_product,pc,ad,2026-08-16 00:00:00
U113,2026-08-16 09:04:00,visit,mobile,search,2026-08-15 00:00:00
U109,2026-08-16 09:16:00,visit,mobile,search,2026-08-16 00:00:00
U109,2026-08-16 09:25:00,view_product,mobile,search,2026-08-16 00:00:00
U109,2026-08-16 09:29:00,view_product,mobile,search,2026-08-16 00:00:00
U109,2026-08-16 09:33:00,add_cart,mobile,search,2026-08-16 00:00:00
U109,2026-08-16 09:34:00,begin_checkout,mobile,search,2026-08-16 00:00:00
U076,2026-08-16 09:57:00,visit,mobile,search,2026-08-16 00:00:00
U076,2026-08-16 10:00:00,view_product,mobile,search,2026-08-16 00:00:00
U006,2026-08-16 11:38:00,visit,pc,ad,2026-08-09 00:00:00
U021,2026-08-16 13:12:00,visit,mobile,search,2026-08-09 00:00:00
U072,2026-08-16 14:11:00,visit,mobile,search,2026-08-16 00:00:00
U104,2026-08-16 14:43:00,visit,pc,search,2026-08-16 00:00:00
U104,2026-08-16 14:44:00,view_product,pc,search,2026-08-16 00:00:00
U111,2026-08-16 14:45:00,visit,mobile,search,2026-08-16 00:00:00
U104,2026-08-16 14:51:00,add_cart,pc,search,2026-08-16 00:00:00
U111,2026-08-16 14:51:00,view_product,mobile,search,2026-08-16 00:00:00
U091,2026-08-16 14:55:00,visit,mobile,referral,2026-08-16 00:00:00
U091,2026-08-16 15:03:00,view_product,mobile,referral,2026-08-16 00:00:00
U100,2026-08-16 15:09:00,visit,pc,ad,2026-08-15 00:00:00
U091,2026-08-16 15:13:00,add_cart,mobile,referral,2026-08-16 00:00:00
U091,2026-08-16 15:16:00,begin_checkout,mobile,referral,2026-08-16 00:00:00
U091,2026-08-16 15:21:00,purchase,mobile,referral,2026-08-16 00:00:00
U093,2026-08-16 15:37:00,visit,mobile,ad,2026-08-16 00:00:00
U093,2026-08-16 15:41:00,view_product,mobile,ad,2026-08-16 00:00:00
U025,2026-08-16 18:09:00,visit,mobile,search,2026-08-09 00:00:00
U097,2026-08-16 19:34:00,visit,pc,search,2026-08-16 00:00:00
U097,2026-08-16 19:38:00,view_product,pc,search,2026-08-16 00:00:00
U097,2026-08-16 19:42:00,view_product,pc,search,2026-08-16 00:00:00
U098,2026-08-16 20:03:00,visit,mobile,search,2026-08-16 00:00:00
U119,2026-08-16 20:43:00,visit,pc,ad,2026-08-16 00:00:00
U114,2026-08-16 20:45:00,visit,mobile,ad,2026-08-15 00:00:00
U077,2026-08-16 21:05:00,visit,pc,referral,2026-08-15 00:00:00
U066,2026-08-16 21:30:00,visit,mobile,ad,2026-08-16 00:00:00
U142,2026-08-17 09:01:00,visit,pc,ad,2026-08-17 00:00:00
U142,2026-08-17 09:05:00,view_product,pc,ad,2026-08-17 00:00:00
U142,2026-08-17 09:15:00,add_cart,pc,ad,2026-08-17 00:00:00
U142,2026-08-17 09:22:00,begin_checkout,pc,ad,2026-08-17 00:00:00
U142,2026-08-17 09:28:00,purchase,pc,ad,2026-08-17 00:00:00
U097,2026-08-17 10:15:00,visit,pc,search,2026-08-16 00:00:00
U111,2026-08-17 10:59:00,visit,mobile,search,2026-08-16 00:00:00
U069,2026-08-17 11:18:00,visit,pc,search,2026-08-10 00:00:00
U169,2026-08-17 11:21:00,visit,pc,ad,2026-08-17 00:00:00
U154,2026-08-17 12:33:00,visit,mobile,referral,2026-08-17 00:00:00
U154,2026-08-17 12:34:00,view_product,mobile,referral,2026-08-17 00:00:00
U154,2026-08-17 12:41:00,view_product,mobile,referral,2026-08-17 00:00:00
U154,2026-08-17 12:42:00,add_cart,mobile,referral,2026-08-17 00:00:00
U072,2026-08-17 13:05:00,visit,mobile,search,2026-08-16 00:00:00
U093,2026-08-17 13:30:00,visit,mobile,ad,2026-08-16 00:00:00
U156,2026-08-17 13:43:00,visit,pc,search,2026-08-17 00:00:00
U156,2026-08-17 13:53:00,view_product,pc,search,2026-08-17 00:00:00
U156,2026-08-17 14:01:00,add_cart,pc,search,2026-08-17 00:00:00
U156,2026-08-17 14:06:00,begin_checkout,pc,search,2026-08-17 00:00:00
U066,2026-08-17 15:12:00,visit,mobile,ad,2026-08-16 00:00:00
U147,2026-08-17 15:25:00,visit,pc,search,2026-08-17 00:00:00
U119,2026-08-17 15:40:00,visit,pc,ad,2026-08-16 00:00:00
U139,2026-08-17 16:28:00,visit,pc,referral,2026-08-17 00:00:00
U139,2026-08-17 16:29:00,view_product,pc,referral,2026-08-17 00:00:00
U139,2026-08-17 16:39:00,add_cart,pc,referral,2026-08-17 00:00:00
U109,2026-08-17 18:31:00,visit,mobile,search,2026-08-16 00:00:00
U104,2026-08-17 18:48:00,visit,pc,search,2026-08-16 00:00:00
U134,2026-08-17 18:53:00,visit,mobile,search,2026-08-17 00:00:00
U159,2026-08-17 19:22:00,visit,mobile,search,2026-08-17 00:00:00
U159,2026-08-17 19:25:00,view_product,mobile,search,2026-08-17 00:00:00
U159,2026-08-17 19:28:00,add_cart,mobile,search,2026-08-17 00:00:00
U146,2026-08-17 19:52:00,visit,pc,search,2026-08-17 00:00:00
U146,2026-08-17 19:56:00,view_product,pc,search,2026-08-17 00:00:00
U146,2026-08-17 20:06:00,add_cart,pc,search,2026-08-17 00:00:00
U146,2026-08-17 20:11:00,begin_checkout,pc,search,2026-08-17 00:00:00
U177,2026-08-17 21:37:00,visit,mobile,search,2026-08-17 00:00:00
U123,2026-08-17 21:38:00,visit,mobile,referral,2026-08-17 00:00:00
U177,2026-08-17 21:47:00,view_product,mobile,search,2026-08-17 00:00:00
U123,2026-08-17 21:49:00,view_product,mobile,referral,2026-08-17 00:00:00
U177,2026-08-17 21:53:00,add_cart,mobile,search,2026-08-17 00:00:00
U123,2026-08-17 22:00:00,add_cart,mobile,referral,2026-08-17 00:00:00
U177,2026-08-17 22:02:00,begin_checkout,mobile,search,2026-08-17 00:00:00
U177,2026-08-17 22:04:00,purchase,mobile,search,2026-08-17 00:00:00
U178,2026-08-18 09:39:00,visit,mobile,ad,2026-08-18 00:00:00
U178,2026-08-18 09:48:00,view_product,mobile,ad,2026-08-18 00:00:00
U117,2026-08-18 10:34:00,visit,pc,referral,2026-08-11 00:00:00
U133,2026-08-18 11:17:00,visit,pc,search,2026-08-18 00:00:00
U133,2026-08-18 11:26:00,view_product,pc,search,2026-08-18 00:00:00
U171,2026-08-18 13:21:00,visit,mobile,ad,2026-08-18 00:00:00
U171,2026-08-18 13:29:00,view_product,mobile,ad,2026-08-18 00:00:00
U171,2026-08-18 13:38:00,view_product,mobile,ad,2026-08-18 00:00:00
U171,2026-08-18 13:43:00,add_cart,mobile,ad,2026-08-18 00:00:00
U171,2026-08-18 13:49:00,begin_checkout,mobile,ad,2026-08-18 00:00:00
U151,2026-08-18 13:50:00,visit,pc,ad,2026-08-18 00:00:00
U171,2026-08-18 13:52:00,purchase,mobile,ad,2026-08-18 00:00:00
U137,2026-08-18 14:05:00,visit,mobile,ad,2026-08-18 00:00:00
U137,2026-08-18 14:08:00,view_product,mobile,ad,2026-08-18 00:00:00
U137,2026-08-18 14:20:00,add_cart,mobile,ad,2026-08-18 00:00:00
U166,2026-08-18 14:44:00,visit,mobile,referral,2026-08-18 00:00:00
U166,2026-08-18 14:48:00,view_product,mobile,referral,2026-08-18 00:00:00
U166,2026-08-18 14:57:00,add_cart,mobile,referral,2026-08-18 00:00:00
U126,2026-08-18 15:36:00,visit,pc,ad,2026-08-18 00:00:00
U126,2026-08-18 15:38:00,view_product,pc,ad,2026-08-18 00:00:00
U179,2026-08-18 16:23:00,visit,pc,search,2026-08-18 00:00:00
U179,2026-08-18 16:27:00,view_product,pc,search,2026-08-18 00:00:00
U179,2026-08-18 16:40:00,add_cart,pc,search,2026-08-18 00:00:00
U142,2026-08-18 16:46:00,visit,pc,ad,2026-08-17 00:00:00
U144,2026-08-18 17:45:00,visit,mobile,search,2026-08-18 00:00:00
U146,2026-08-18 19:04:00,visit,pc,search,2026-08-17 00:00:00
U154,2026-08-18 21:53:00,visit,mobile,referral,2026-08-17 00:00:00
U167,2026-08-19 09:48:00,visit,pc,search,2026-08-19 00:00:00
U167,2026-08-19 09:51:00,view_product,pc,search,2026-08-19 00:00:00
U167,2026-08-19 10:03:00,add_cart,pc,search,2026-08-19 00:00:00
U167,2026-08-19 10:09:00,begin_checkout,pc,search,2026-08-19 00:00:00
U167,2026-08-19 10:11:00,purchase,pc,search,2026-08-19 00:00:00
U174,2026-08-19 10:33:00,visit,mobile,search,2026-08-19 00:00:00
U167,2026-08-19 10:38:00,share,pc,search,2026-08-19 00:00:00
U174,2026-08-19 10:43:00,view_product,mobile,search,2026-08-19 00:00:00
U174,2026-08-19 10:56:00,add_cart,mobile,search,2026-08-19 00:00:00
U174,2026-08-19 11:04:00,begin_checkout,mobile,search,2026-08-19 00:00:00
U090,2026-08-19 13:40:00,visit,pc,referral,2026-08-12 00:00:00
U175,2026-08-19 13:48:00,visit,pc,ad,2026-08-19 00:00:00
U175,2026-08-19 13:50:00,view_product,pc,ad,2026-08-19 00:00:00
U126,2026-08-19 13:59:00,visit,pc,ad,2026-08-18 00:00:00
U136,2026-08-19 14:49:00,visit,pc,search,2026-08-19 00:00:00
U136,2026-08-19 14:51:00,view_product,pc,search,2026-08-19 00:00:00
U136,2026-08-19 14:59:00,add_cart,pc,search,2026-08-19 00:00:00
U136,2026-08-19 15:01:00,begin_checkout,pc,search,2026-08-19 00:00:00
U136,2026-08-19 15:07:00,purchase,pc,search,2026-08-19 00:00:00
U124,2026-08-19 17:07:00,visit,pc,ad,2026-08-19 00:00:00
U124,2026-08-19 17:12:00,view_product,pc,ad,2026-08-19 00:00:00
U124,2026-08-19 17:16:00,add_cart,pc,ad,2026-08-19 00:00:00
U144,2026-08-19 17:19:00,visit,mobile,search,2026-08-18 00:00:00
U148,2026-08-19 17:37:00,visit,mobile,referral,2026-08-19 00:00:00
U133,2026-08-19 17:40:00,visit,pc,search,2026-08-18 00:00:00
U148,2026-08-19 17:41:00,view_product,mobile,referral,2026-08-19 00:00:00
U096,2026-08-19 21:04:00,visit,mobile,referral,2026-08-12 00:00:00
U166,2026-08-19 21:28:00,visit,mobile,referral,2026-08-18 00:00:00
U141,2026-08-20 08:17:00,visit,mobile,ad,2026-08-20 00:00:00
U141,2026-08-20 08:24:00,view_product,mobile,ad,2026-08-20 00:00:00
U141,2026-08-20 08:26:00,add_cart,mobile,ad,2026-08-20 00:00:00
U013,2026-08-20 08:36:00,visit,mobile,search,2026-08-06 00:00:00
U138,2026-08-20 08:43:00,visit,pc,search,2026-08-20 00:00:00
U060,2026-08-20 09:10:00,visit,mobile,ad,2026-08-06 00:00:00
U020,2026-08-20 10:27:00,visit,pc,referral,2026-08-06 00:00:00
U167,2026-08-20 10:40:00,visit,pc,search,2026-08-19 00:00:00
U172,2026-08-20 10:49:00,visit,mobile,referral,2026-08-20 00:00:00
U172,2026-08-20 10:53:00,view_product,mobile,referral,2026-08-20 00:00:00
U127,2026-08-20 12:34:00,visit,mobile,referral,2026-08-20 00:00:00
U127,2026-08-20 12:37:00,view_product,mobile,referral,2026-08-20 00:00:00
U127,2026-08-20 12:47:00,add_cart,mobile,referral,2026-08-20 00:00:00
U127,2026-08-20 12:56:00,begin_checkout,mobile,referral,2026-08-20 00:00:00
U164,2026-08-20 14:53:00,visit,mobile,referral,2026-08-20 00:00:00
U164,2026-08-20 14:57:00,view_product,mobile,referral,2026-08-20 00:00:00
U157,2026-08-20 19:02:00,visit,pc,search,2026-08-20 00:00:00
U175,2026-08-20 19:10:00,visit,pc,ad,2026-08-19 00:00:00
U157,2026-08-20 19:13:00,view_product,pc,search,2026-08-20 00:00:00
U157,2026-08-20 19:15:00,add_cart,pc,search,2026-08-20 00:00:00
U157,2026-08-20 19:16:00,begin_checkout,pc,search,2026-08-20 00:00:00
U157,2026-08-20 19:20:00,purchase,pc,search,2026-08-20 00:00:00
U157,2026-08-20 19:42:00,share,pc,search,2026-08-20 00:00:00
U152,2026-08-20 21:35:00,visit,pc,search,2026-08-20 00:00:00
U152,2026-08-20 21:38:00,view_product,pc,search,2026-08-20 00:00:00
U122,2026-08-21 08:09:00,visit,mobile,ad,2026-08-21 00:00:00
U055,2026-08-21 08:23:00,visit,mobile,search,2026-08-07 00:00:00
U172,2026-08-21 08:23:00,visit,mobile,referral,2026-08-20 00:00:00
U149,2026-08-21 08:47:00,visit,pc,referral,2026-08-21 00:00:00
U140,2026-08-21 08:52:00,visit,mobile,search,2026-08-21 00:00:00
U149,2026-08-21 08:52:00,view_product,pc,referral,2026-08-21 00:00:00
U140,2026-08-21 09:00:00,view_product,mobile,search,2026-08-21 00:00:00
U149,2026-08-21 09:01:00,add_cart,pc,referral,2026-08-21 00:00:00
U140,2026-08-21 09:03:00,add_cart,mobile,search,2026-08-21 00:00:00
U140,2026-08-21 09:11:00,begin_checkout,mobile,search,2026-08-21 00:00:00
U140,2026-08-21 09:17:00,purchase,mobile,search,2026-08-21 00:00:00
U158,2026-08-21 10:41:00,visit,mobile,search,2026-08-21 00:00:00
U158,2026-08-21 10:45:00,view_product,mobile,search,2026-08-21 00:00:00
U158,2026-08-21 10:50:00,add_cart,mobile,search,2026-08-21 00:00:00
U158,2026-08-21 10:54:00,begin_checkout,mobile,search,2026-08-21 00:00:00
U080,2026-08-21 12:19:00,visit,pc,search,2026-08-14 00:00:00
U160,2026-08-21 12:54:00,visit,mobile,referral,2026-08-21 00:00:00
U160,2026-08-21 13:02:00,view_product,mobile,referral,2026-08-21 00:00:00
U160,2026-08-21 13:03:00,view_product,mobile,referral,2026-08-21 00:00:00
U160,2026-08-21 13:15:00,add_cart,mobile,referral,2026-08-21 00:00:00
U160,2026-08-21 13:23:00,begin_checkout,mobile,referral,2026-08-21 00:00:00
U160,2026-08-21 13:25:00,purchase,mobile,referral,2026-08-21 00:00:00
U081,2026-08-21 14:55:00,visit,mobile,referral,2026-08-14 00:00:00
U131,2026-08-21 17:14:00,visit,mobile,search,2026-08-21 00:00:00
U121,2026-08-21 17:15:00,visit,mobile,search,2026-08-21 00:00:00
U131,2026-08-21 17:15:00,view_product,mobile,search,2026-08-21 00:00:00
U121,2026-08-21 17:17:00,view_product,mobile,search,2026-08-21 00:00:00
U121,2026-08-21 17:19:00,add_cart,mobile,search,2026-08-21 00:00:00
U131,2026-08-21 17:23:00,view_product,mobile,search,2026-08-21 00:00:00
U131,2026-08-21 17:25:00,add_cart,mobile,search,2026-08-21 00:00:00
U165,2026-08-21 17:37:00,visit,pc,referral,2026-08-21 00:00:00
U165,2026-08-21 17:47:00,view_product,pc,referral,2026-08-21 00:00:00
U165,2026-08-21 18:00:00,add_cart,pc,referral,2026-08-21 00:00:00
U165,2026-08-21 18:06:00,begin_checkout,pc,referral,2026-08-21 00:00:00
U165,2026-08-21 18:10:00,purchase,pc,referral,2026-08-21 00:00:00
U086,2026-08-21 18:18:00,visit,mobile,search,2026-08-14 00:00:00
U176,2026-08-21 20:29:00,visit,mobile,search,2026-08-21 00:00:00
U150,2026-08-21 20:47:00,visit,mobile,search,2026-08-21 00:00:00
U150,2026-08-21 20:52:00,view_product,mobile,search,2026-08-21 00:00:00
U150,2026-08-21 20:59:00,add_cart,mobile,search,2026-08-21 00:00:00
U150,2026-08-21 21:06:00,begin_checkout,mobile,search,2026-08-21 00:00:00
U150,2026-08-21 21:11:00,purchase,mobile,search,2026-08-21 00:00:00
U132,2026-08-22 10:01:00,visit,mobile,search,2026-08-22 00:00:00
U132,2026-08-22 10:02:00,view_product,mobile,search,2026-08-22 00:00:00
U132,2026-08-22 10:08:00,add_cart,mobile,search,2026-08-22 00:00:00
U132,2026-08-22 10:15:00,begin_checkout,mobile,search,2026-08-22 00:00:00
U132,2026-08-22 10:22:00,purchase,mobile,search,2026-08-22 00:00:00
U131,2026-08-22 11:34:00,visit,mobile,search,2026-08-21 00:00:00
U125,2026-08-22 12:24:00,visit,mobile,search,2026-08-22 00:00:00
U125,2026-08-22 12:29:00,view_product,mobile,search,2026-08-22 00:00:00
U162,2026-08-22 14:18:00,visit,pc,ad,2026-08-22 00:00:00
U162,2026-08-22 14:21:00,view_product,pc,ad,2026-08-22 00:00:00
U162,2026-08-22 14:32:00,add_cart,pc,ad,2026-08-22 00:00:00
U120,2026-08-22 16:07:00,visit,pc,search,2026-08-15 00:00:00
U149,2026-08-22 16:20:00,visit,pc,referral,2026-08-21 00:00:00
U103,2026-08-22 16:22:00,visit,pc,search,2026-08-15 00:00:00
U170,2026-08-22 16:59:00,visit,mobile,search,2026-08-22 00:00:00
U170,2026-08-22 17:04:00,view_product,mobile,search,2026-08-22 00:00:00
U143,2026-08-22 18:12:00,visit,pc,ad,2026-08-22 00:00:00
U143,2026-08-22 18:13:00,view_product,pc,ad,2026-08-22 00:00:00
U165,2026-08-22 18:21:00,visit,pc,referral,2026-08-21 00:00:00
U143,2026-08-22 18:27:00,add_cart,pc,ad,2026-08-22 00:00:00
U143,2026-08-22 18:28:00,begin_checkout,pc,ad,2026-08-22 00:00:00
U161,2026-08-22 18:30:00,visit,mobile,search,2026-08-22 00:00:00
U143,2026-08-22 18:34:00,purchase,pc,ad,2026-08-22 00:00:00
U121,2026-08-22 18:35:00,visit,mobile,search,2026-08-21 00:00:00
U161,2026-08-22 18:41:00,view_product,mobile,search,2026-08-22 00:00:00
U161,2026-08-22 18:55:00,add_cart,mobile,search,2026-08-22 00:00:00
U180,2026-08-22 18:56:00,visit,mobile,search,2026-08-22 00:00:00
U180,2026-08-22 19:01:00,view_product,mobile,search,2026-08-22 00:00:00
U161,2026-08-22 19:04:00,begin_checkout,mobile,search,2026-08-22 00:00:00
U180,2026-08-22 19:12:00,add_cart,mobile,search,2026-08-22 00:00:00
U036,2026-08-22 19:16:00,visit,mobile,referral,2026-08-08 00:00:00
U180,2026-08-22 19:21:00,begin_checkout,mobile,search,2026-08-22 00:00:00
U128,2026-08-22 19:48:00,visit,pc,search,2026-08-22 00:00:00
U128,2026-08-22 19:55:00,view_product,pc,search,2026-08-22 00:00:00
U128,2026-08-22 19:59:00,add_cart,pc,search,2026-08-22 00:00:00
U128,2026-08-22 20:02:00,begin_checkout,pc,search,2026-08-22 00:00:00
U128,2026-08-22 20:08:00,purchase,pc,search,2026-08-22 00:00:00
U129,2026-08-23 08:27:00,visit,mobile,ad,2026-08-23 00:00:00
U129,2026-08-23 08:33:00,view_product,mobile,ad,2026-08-23 00:00:00
U143,2026-08-23 08:50:00,visit,pc,ad,2026-08-22 00:00:00
U097,2026-08-23 09:10:00,visit,pc,search,2026-08-16 00:00:00
U082,2026-08-23 09:43:00,visit,pc,ad,2026-08-16 00:00:00
U162,2026-08-23 09:50:00,visit,pc,ad,2026-08-22 00:00:00
U098,2026-08-23 10:34:00,visit,mobile,search,2026-08-16 00:00:00
U168,2026-08-23 11:36:00,visit,pc,search,2026-08-23 00:00:00
U111,2026-08-23 11:41:00,visit,mobile,search,2026-08-16 00:00:00
U130,2026-08-23 12:25:00,visit,mobile,referral,2026-08-23 00:00:00
U130,2026-08-23 12:29:00,view_product,mobile,referral,2026-08-23 00:00:00
U130,2026-08-23 12:41:00,add_cart,mobile,referral,2026-08-23 00:00:00
U130,2026-08-23 12:50:00,begin_checkout,mobile,referral,2026-08-23 00:00:00
U130,2026-08-23 12:52:00,purchase,mobile,referral,2026-08-23 00:00:00
U155,2026-08-23 13:20:00,visit,mobile,ad,2026-08-23 00:00:00
U034,2026-08-23 13:43:00,visit,pc,ad,2026-08-09 00:00:00
U021,2026-08-23 13:48:00,visit,mobile,search,2026-08-09 00:00:00
U009,2026-08-23 15:05:00,visit,mobile,referral,2026-08-09 00:00:00
U091,2026-08-23 15:13:00,visit,mobile,referral,2026-08-16 00:00:00
U072,2026-08-23 16:39:00,visit,mobile,search,2026-08-16 00:00:00
U153,2026-08-23 17:10:00,visit,mobile,search,2026-08-23 00:00:00
U119,2026-08-23 17:12:00,visit,pc,ad,2026-08-16 00:00:00
U135,2026-08-23 17:13:00,visit,mobile,ad,2026-08-23 00:00:00
U135,2026-08-23 17:15:00,view_product,mobile,ad,2026-08-23 00:00:00
U153,2026-08-23 17:20:00,view_product,mobile,search,2026-08-23 00:00:00
U163,2026-08-23 17:30:00,visit,mobile,referral,2026-08-23 00:00:00
U163,2026-08-23 17:38:00,view_product,mobile,referral,2026-08-23 00:00:00
U163,2026-08-23 17:43:00,add_cart,mobile,referral,2026-08-23 00:00:00
U173,2026-08-23 17:44:00,visit,pc,referral,2026-08-23 00:00:00
U163,2026-08-23 17:45:00,begin_checkout,mobile,referral,2026-08-23 00:00:00
U163,2026-08-23 17:46:00,purchase,mobile,referral,2026-08-23 00:00:00
U163,2026-08-23 17:48:00,share,mobile,referral,2026-08-23 00:00:00
U173,2026-08-23 17:53:00,view_product,pc,referral,2026-08-23 00:00:00
U173,2026-08-23 17:57:00,add_cart,pc,referral,2026-08-23 00:00:00
U173,2026-08-23 17:58:00,begin_checkout,pc,referral,2026-08-23 00:00:00
U145,2026-08-23 20:27:00,visit,mobile,ad,2026-08-23 00:00:00
U186,2026-08-24 08:30:00,visit,mobile,ad,2026-08-24 00:00:00
U186,2026-08-24 08:31:00,view_product,mobile,ad,2026-08-24 00:00:00
U186,2026-08-24 08:37:00,add_cart,mobile,ad,2026-08-24 00:00:00
U186,2026-08-24 08:40:00,begin_checkout,mobile,ad,2026-08-24 00:00:00
U129,2026-08-24 09:22:00,visit,mobile,ad,2026-08-23 00:00:00
U156,2026-08-24 10:05:00,visit,pc,search,2026-08-17 00:00:00
U069,2026-08-24 11:18:00,visit,pc,search,2026-08-10 00:00:00
U163,2026-08-24 11:21:00,visit,mobile,referral,2026-08-23 00:00:00
U173,2026-08-24 15:06:00,visit,pc,referral,2026-08-23 00:00:00
U135,2026-08-24 15:32:00,visit,mobile,ad,2026-08-23 00:00:00
U204,2026-08-24 16:15:00,visit,pc,search,2026-08-24 00:00:00
U204,2026-08-24 16:18:00,view_product,pc,search,2026-08-24 00:00:00
U204,2026-08-24 16:29:00,add_cart,pc,search,2026-08-24 00:00:00
U177,2026-08-24 16:47:00,visit,mobile,search,2026-08-17 00:00:00
U225,2026-08-24 17:10:00,visit,mobile,referral,2026-08-24 00:00:00
U153,2026-08-24 17:13:00,visit,mobile,search,2026-08-23 00:00:00
U225,2026-08-24 17:18:00,view_product,mobile,referral,2026-08-24 00:00:00
U212,2026-08-24 17:25:00,visit,mobile,referral,2026-08-24 00:00:00
U212,2026-08-24 17:27:00,view_product,mobile,referral,2026-08-24 00:00:00
U225,2026-08-24 17:32:00,add_cart,mobile,referral,2026-08-24 00:00:00
U225,2026-08-24 17:38:00,begin_checkout,mobile,referral,2026-08-24 00:00:00
U225,2026-08-24 17:39:00,purchase,mobile,referral,2026-08-24 00:00:00
U146,2026-08-24 18:25:00,visit,pc,search,2026-08-17 00:00:00
U062,2026-08-24 19:44:00,visit,pc,search,2026-08-10 00:00:00
U178,2026-08-25 08:59:00,visit,mobile,ad,2026-08-18 00:00:00
U215,2026-08-25 09:38:00,visit,pc,search,2026-08-25 00:00:00
U215,2026-08-25 09:44:00,view_product,pc,search,2026-08-25 00:00:00
U215,2026-08-25 09:50:00,view_product,pc,search,2026-08-25 00:00:00
U215,2026-08-25 09:56:00,add_cart,pc,search,2026-08-25 00:00:00
U215,2026-08-25 10:04:00,begin_checkout,pc,search,2026-08-25 00:00:00
U215,2026-08-25 10:10:00,purchase,pc,search,2026-08-25 00:00:00
U198,2026-08-25 10:13:00,visit,pc,referral,2026-08-25 00:00:00
U198,2026-08-25 10:17:00,view_product,pc,referral,2026-08-25 00:00:00
U198,2026-08-25 10:31:00,add_cart,pc,referral,2026-08-25 00:00:00
U198,2026-08-25 10:36:00,begin_checkout,pc,referral,2026-08-25 00:00:00
U198,2026-08-25 10:38:00,purchase,pc,referral,2026-08-25 00:00:00
U198,2026-08-25 10:52:00,share,pc,referral,2026-08-25 00:00:00
U204,2026-08-25 12:57:00,visit,pc,search,2026-08-24 00:00:00
U218,2026-08-25 14:41:00,visit,pc,ad,2026-08-25 00:00:00
U218,2026-08-25 14:52:00,view_product,pc,ad,2026-08-25 00:00:00
U218,2026-08-25 14:56:00,add_cart,pc,ad,2026-08-25 00:00:00
U225,2026-08-25 15:11:00,visit,mobile,referral,2026-08-24 00:00:00
U227,2026-08-25 17:02:00,visit,pc,referral,2026-08-25 00:00:00
U227,2026-08-25 17:06:00,view_product,pc,referral,2026-08-25 00:00:00
U227,2026-08-25 17:15:00,add_cart,pc,referral,2026-08-25 00:00:00
U227,2026-08-25 17:21:00,begin_checkout,pc,referral,2026-08-25 00:00:00
U227,2026-08-25 17:26:00,purchase,pc,referral,2026-08-25 00:00:00
U208,2026-08-25 17:28:00,visit,mobile,search,2026-08-25 00:00:00
U208,2026-08-25 17:33:00,view_product,mobile,search,2026-08-25 00:00:00
U208,2026-08-25 17:38:00,add_cart,mobile,search,2026-08-25 00:00:00
U208,2026-08-25 17:41:00,begin_checkout,mobile,search,2026-08-25 00:00:00
U188,2026-08-25 18:30:00,visit,pc,search,2026-08-25 00:00:00
U188,2026-08-25 18:41:00,view_product,pc,search,2026-08-25 00:00:00
U188,2026-08-25 18:48:00,add_cart,pc,search,2026-08-25 00:00:00
U188,2026-08-25 18:54:00,begin_checkout,pc,search,2026-08-25 00:00:00
U188,2026-08-25 18:55:00,purchase,pc,search,2026-08-25 00:00:00
U065,2026-08-25 20:00:00,visit,mobile,referral,2026-08-11 00:00:00
U209,2026-08-25 20:37:00,visit,pc,ad,2026-08-25 00:00:00
U229,2026-08-25 21:48:00,visit,pc,ad,2026-08-25 00:00:00
U229,2026-08-25 21:58:00,view_product,pc,ad,2026-08-25 00:00:00
U063,2026-08-26 09:19:00,visit,mobile,referral,2026-08-12 00:00:00
U222,2026-08-26 09:59:00,visit,mobile,search,2026-08-26 00:00:00
U106,2026-08-26 10:08:00,visit,mobile,search,2026-08-12 00:00:00
U222,2026-08-26 10:09:00,view_product,mobile,search,2026-08-26 00:00:00
U222,2026-08-26 10:20:00,add_cart,mobile,search,2026-08-26 00:00:00
U215,2026-08-26 10:46:00,visit,pc,search,2026-08-25 00:00:00
U073,2026-08-26 11:34:00,visit,pc,search,2026-08-12 00:00:00
U236,2026-08-26 12:45:00,visit,pc,referral,2026-08-26 00:00:00
U236,2026-08-26 12:53:00,view_product,pc,referral,2026-08-26 00:00:00
U236,2026-08-26 13:05:00,add_cart,pc,referral,2026-08-26 00:00:00
U236,2026-08-26 13:13:00,begin_checkout,pc,referral,2026-08-26 00:00:00
U136,2026-08-26 14:11:00,visit,pc,search,2026-08-19 00:00:00
U205,2026-08-26 15:03:00,visit,pc,search,2026-08-26 00:00:00
U190,2026-08-26 15:07:00,visit,mobile,ad,2026-08-26 00:00:00
U205,2026-08-26 15:12:00,view_product,pc,search,2026-08-26 00:00:00
U190,2026-08-26 15:15:00,view_product,mobile,ad,2026-08-26 00:00:00
U196,2026-08-26 16:28:00,visit,mobile,search,2026-08-26 00:00:00
U196,2026-08-26 16:32:00,view_product,mobile,search,2026-08-26 00:00:00
U196,2026-08-26 16:33:00,view_product,mobile,search,2026-08-26 00:00:00
U090,2026-08-26 17:12:00,visit,pc,referral,2026-08-12 00:00:00
U175,2026-08-26 18:00:00,visit,pc,ad,2026-08-19 00:00:00
U197,2026-08-26 18:05:00,visit,mobile,search,2026-08-26 00:00:00
U197,2026-08-26 18:14:00,view_product,mobile,search,2026-08-26 00:00:00
U207,2026-08-26 18:32:00,visit,mobile,ad,2026-08-26 00:00:00
U207,2026-08-26 18:39:00,view_product,mobile,ad,2026-08-26 00:00:00
U232,2026-08-26 19:09:00,visit,mobile,ad,2026-08-26 00:00:00
U232,2026-08-26 19:10:00,view_product,mobile,ad,2026-08-26 00:00:00
U232,2026-08-26 19:17:00,add_cart,mobile,ad,2026-08-26 00:00:00
U184,2026-08-26 20:41:00,visit,pc,ad,2026-08-26 00:00:00
U184,2026-08-26 20:43:00,view_product,pc,ad,2026-08-26 00:00:00
U184,2026-08-26 20:55:00,add_cart,pc,ad,2026-08-26 00:00:00
U184,2026-08-26 21:02:00,begin_checkout,pc,ad,2026-08-26 00:00:00
U208,2026-08-26 21:14:00,visit,mobile,search,2026-08-25 00:00:00
U192,2026-08-26 21:29:00,visit,mobile,ad,2026-08-26 00:00:00
U205,2026-08-27 08:10:00,visit,pc,search,2026-08-26 00:00:00
U206,2026-08-27 09:22:00,visit,pc,referral,2026-08-27 00:00:00
U206,2026-08-27 09:33:00,view_product,pc,referral,2026-08-27 00:00:00
U206,2026-08-27 09:44:00,add_cart,pc,referral,2026-08-27 00:00:00
U206,2026-08-27 09:46:00,begin_checkout,pc,referral,2026-08-27 00:00:00
U206,2026-08-27 09:51:00,purchase,pc,referral,2026-08-27 00:00:00
U206,2026-08-27 10:14:00,share,pc,referral,2026-08-27 00:00:00
U164,2026-08-27 10:25:00,visit,mobile,referral,2026-08-20 00:00:00
U230,2026-08-27 10:40:00,visit,pc,ad,2026-08-27 00:00:00
U138,2026-08-27 11:29:00,visit,pc,search,2026-08-20 00:00:00
U083,2026-08-27 11:39:00,visit,pc,referral,2026-08-13 00:00:00
U210,2026-08-27 11:43:00,visit,mobile,referral,2026-08-27 00:00:00
U107,2026-08-27 12:08:00,visit,mobile,ad,2026-08-13 00:00:00
U235,2026-08-27 12:19:00,visit,mobile,ad,2026-08-27 00:00:00
U201,2026-08-27 12:25:00,visit,pc,ad,2026-08-27 00:00:00
U226,2026-08-27 12:26:00,visit,mobile,ad,2026-08-27 00:00:00
U235,2026-08-27 12:26:00,view_product,mobile,ad,2026-08-27 00:00:00
U201,2026-08-27 12:28:00,view_product,pc,ad,2026-08-27 00:00:00
U235,2026-08-27 12:28:00,add_cart,mobile,ad,2026-08-27 00:00:00
U226,2026-08-27 12:29:00,view_product,mobile,ad,2026-08-27 00:00:00
U226,2026-08-27 12:30:00,view_product,mobile,ad,2026-08-27 00:00:00
U235,2026-08-27 12:33:00,begin_checkout,mobile,ad,2026-08-27 00:00:00
U235,2026-08-27 12:34:00,purchase,mobile,ad,2026-08-27 00:00:00
U201,2026-08-27 12:35:00,view_product,pc,ad,2026-08-27 00:00:00
U201,2026-08-27 12:37:00,add_cart,pc,ad,2026-08-27 00:00:00
U201,2026-08-27 12:43:00,begin_checkout,pc,ad,2026-08-27 00:00:00
U235,2026-08-27 12:47:00,share,mobile,ad,2026-08-27 00:00:00
U201,2026-08-27 12:50:00,purchase,pc,ad,2026-08-27 00:00:00
U194,2026-08-27 13:13:00,visit,mobile,ad,2026-08-27 00:00:00
U201,2026-08-27 13:19:00,share,pc,ad,2026-08-27 00:00:00
U194,2026-08-27 13:21:00,view_product,mobile,ad,2026-08-27 00:00:00
U194,2026-08-27 13:28:00,view_product,mobile,ad,2026-08-27 00:00:00
U181,2026-08-27 13:43:00,visit,mobile,search,2026-08-27 00:00:00
U187,2026-08-27 13:48:00,visit,pc,search,2026-08-27 00:00:00
U187,2026-08-27 13:51:00,view_product,pc,search,2026-08-27 00:00:00
U181,2026-08-27 13:53:00,view_product,mobile,search,2026-08-27 00:00:00
U187,2026-08-27 13:55:00,add_cart,pc,search,2026-08-27 00:00:00
U187,2026-08-27 14:02:00,begin_checkout,pc,search,2026-08-27 00:00:00
U190,2026-08-27 14:02:00,visit,mobile,ad,2026-08-26 00:00:00
U181,2026-08-27 14:04:00,add_cart,mobile,search,2026-08-27 00:00:00
U197,2026-08-27 16:05:00,visit,mobile,search,2026-08-26 00:00:00
U236,2026-08-27 16:07:00,visit,pc,referral,2026-08-26 00:00:00
U228,2026-08-27 17:35:00,visit,mobile,ad,2026-08-27 00:00:00
U228,2026-08-27 17:45:00,view_product,mobile,ad,2026-08-27 00:00:00
U172,2026-08-27 19:31:00,visit,mobile,referral,2026-08-20 00:00:00
U189,2026-08-27 20:10:00,visit,pc,referral,2026-08-27 00:00:00
U189,2026-08-27 20:21:00,view_product,pc,referral,2026-08-27 00:00:00
U189,2026-08-27 20:35:00,add_cart,pc,referral,2026-08-27 00:00:00
U189,2026-08-27 20:36:00,begin_checkout,pc,referral,2026-08-27 00:00:00
U222,2026-08-27 21:29:00,visit,mobile,search,2026-08-26 00:00:00
U224,2026-08-28 08:32:00,visit,mobile,search,2026-08-28 00:00:00
U224,2026-08-28 08:37:00,view_product,mobile,search,2026-08-28 00:00:00
U234,2026-08-28 08:40:00,visit,pc,search,2026-08-28 00:00:00
U224,2026-08-28 08:42:00,add_cart,mobile,search,2026-08-28 00:00:00
U224,2026-08-28 08:46:00,begin_checkout,mobile,search,2026-08-28 00:00:00
U234,2026-08-28 08:48:00,view_product,pc,search,2026-08-28 00:00:00
U224,2026-08-28 08:52:00,purchase,mobile,search,2026-08-28 00:00:00
U234,2026-08-28 09:00:00,add_cart,pc,search,2026-08-28 00:00:00
U189,2026-08-28 09:03:00,visit,pc,referral,2026-08-27 00:00:00
U183,2026-08-28 09:13:00,visit,pc,ad,2026-08-28 00:00:00
U183,2026-08-28 09:19:00,view_product,pc,ad,2026-08-28 00:00:00
U183,2026-08-28 09:22:00,add_cart,pc,ad,2026-08-28 00:00:00
U220,2026-08-28 09:51:00,visit,pc,ad,2026-08-28 00:00:00
U220,2026-08-28 09:59:00,view_product,pc,ad,2026-08-28 00:00:00
U220,2026-08-28 10:07:00,add_cart,pc,ad,2026-08-28 00:00:00
U220,2026-08-28 10:09:00,begin_checkout,pc,ad,2026-08-28 00:00:00
U214,2026-08-28 11:30:00,visit,mobile,search,2026-08-28 00:00:00
U214,2026-08-28 11:37:00,view_product,mobile,search,2026-08-28 00:00:00
U214,2026-08-28 11:41:00,add_cart,mobile,search,2026-08-28 00:00:00
U193,2026-08-28 11:47:00,visit,mobile,referral,2026-08-28 00:00:00
U214,2026-08-28 11:48:00,begin_checkout,mobile,search,2026-08-28 00:00:00
U193,2026-08-28 11:58:00,view_product,mobile,referral,2026-08-28 00:00:00
U193,2026-08-28 12:01:00,add_cart,mobile,referral,2026-08-28 00:00:00
U195,2026-08-28 13:05:00,visit,mobile,ad,2026-08-28 00:00:00
U195,2026-08-28 13:06:00,view_product,mobile,ad,2026-08-28 00:00:00
U195,2026-08-28 13:15:00,add_cart,mobile,ad,2026-08-28 00:00:00
U195,2026-08-28 13:22:00,begin_checkout,mobile,ad,2026-08-28 00:00:00
U195,2026-08-28 13:27:00,purchase,mobile,ad,2026-08-28 00:00:00
U210,2026-08-28 14:40:00,visit,mobile,referral,2026-08-27 00:00:00
U086,2026-08-28 15:08:00,visit,mobile,search,2026-08-14 00:00:00
U238,2026-08-28 15:15:00,visit,mobile,ad,2026-08-28 00:00:00
U238,2026-08-28 15:22:00,view_product,mobile,ad,2026-08-28 00:00:00
U219,2026-08-28 15:23:00,visit,pc,search,2026-08-28 00:00:00
U238,2026-08-28 15:30:00,view_product,mobile,ad,2026-08-28 00:00:00
U219,2026-08-28 15:31:00,view_product,pc,search,2026-08-28 00:00:00
U238,2026-08-28 15:33:00,add_cart,mobile,ad,2026-08-28 00:00:00
U219,2026-08-28 15:36:00,add_cart,pc,search,2026-08-28 00:00:00
U238,2026-08-28 15:38:00,begin_checkout,mobile,ad,2026-08-28 00:00:00
U238,2026-08-28 15:41:00,purchase,mobile,ad,2026-08-28 00:00:00
U181,2026-08-28 15:42:00,visit,mobile,search,2026-08-27 00:00:00
U202,2026-08-28 15:56:00,visit,mobile,search,2026-08-28 00:00:00
U080,2026-08-28 17:02:00,visit,pc,search,2026-08-14 00:00:00
U185,2026-08-28 17:48:00,visit,mobile,ad,2026-08-28 00:00:00
U203,2026-08-28 18:13:00,visit,mobile,search,2026-08-28 00:00:00
U203,2026-08-28 18:21:00,view_product,mobile,search,2026-08-28 00:00:00
U203,2026-08-28 18:23:00,add_cart,mobile,search,2026-08-28 00:00:00
U203,2026-08-28 18:31:00,begin_checkout,mobile,search,2026-08-28 00:00:00
U203,2026-08-28 18:34:00,purchase,mobile,search,2026-08-28 00:00:00
U239,2026-08-28 19:22:00,visit,mobile,search,2026-08-28 00:00:00
U201,2026-08-28 19:24:00,visit,pc,ad,2026-08-27 00:00:00
U239,2026-08-28 19:27:00,view_product,mobile,search,2026-08-28 00:00:00
U239,2026-08-28 19:31:00,add_cart,mobile,search,2026-08-28 00:00:00
U239,2026-08-28 19:37:00,begin_checkout,mobile,search,2026-08-28 00:00:00
U211,2026-08-28 20:02:00,visit,mobile,ad,2026-08-28 00:00:00
U211,2026-08-28 20:10:00,view_product,mobile,ad,2026-08-28 00:00:00
U211,2026-08-28 20:19:00,add_cart,mobile,ad,2026-08-28 00:00:00
U211,2026-08-28 20:26:00,begin_checkout,mobile,ad,2026-08-28 00:00:00
U230,2026-08-28 20:26:00,visit,pc,ad,2026-08-27 00:00:00
U191,2026-08-29 08:29:00,visit,pc,ad,2026-08-29 00:00:00
U202,2026-08-29 11:52:00,visit,mobile,search,2026-08-28 00:00:00
U237,2026-08-29 13:40:00,visit,mobile,ad,2026-08-29 00:00:00
U237,2026-08-29 13:51:00,view_product,mobile,ad,2026-08-29 00:00:00
U237,2026-08-29 14:03:00,add_cart,mobile,ad,2026-08-29 00:00:00
U237,2026-08-29 14:04:00,begin_checkout,mobile,ad,2026-08-29 00:00:00
U200,2026-08-29 14:15:00,visit,mobile,search,2026-08-29 00:00:00
U200,2026-08-29 14:22:00,view_product,mobile,search,2026-08-29 00:00:00
U200,2026-08-29 14:28:00,add_cart,mobile,search,2026-08-29 00:00:00
U200,2026-08-29 14:34:00,begin_checkout,mobile,search,2026-08-29 00:00:00
U200,2026-08-29 14:38:00,purchase,mobile,search,2026-08-29 00:00:00
U211,2026-08-29 14:47:00,visit,mobile,ad,2026-08-28 00:00:00
U238,2026-08-29 15:04:00,visit,mobile,ad,2026-08-28 00:00:00
U193,2026-08-29 17:03:00,visit,mobile,referral,2026-08-28 00:00:00
U239,2026-08-29 17:13:00,visit,mobile,search,2026-08-28 00:00:00
U128,2026-08-29 18:45:00,visit,pc,search,2026-08-22 00:00:00
U221,2026-08-29 20:28:00,visit,pc,search,2026-08-29 00:00:00
U221,2026-08-29 20:30:00,view_product,pc,search,2026-08-29 00:00:00
U221,2026-08-29 20:32:00,view_product,pc,search,2026-08-29 00:00:00
U221,2026-08-29 20:35:00,add_cart,pc,search,2026-08-29 00:00:00
U221,2026-08-29 20:42:00,begin_checkout,pc,search,2026-08-29 00:00:00
U199,2026-08-29 21:16:00,visit,pc,search,2026-08-29 00:00:00
U199,2026-08-29 21:19:00,view_product,pc,search,2026-08-29 00:00:00
U199,2026-08-29 21:24:00,add_cart,pc,search,2026-08-29 00:00:00
U199,2026-08-29 21:26:00,begin_checkout,pc,search,2026-08-29 00:00:00
U199,2026-08-29 21:27:00,purchase,pc,search,2026-08-29 00:00:00
U200,2026-08-30 09:29:00,visit,mobile,search,2026-08-29 00:00:00
U182,2026-08-30 10:13:00,visit,mobile,search,2026-08-30 00:00:00
U097,2026-08-30 10:25:00,visit,pc,search,2026-08-16 00:00:00
U223,2026-08-30 10:26:00,visit,pc,ad,2026-08-30 00:00:00
U223,2026-08-30 10:27:00,view_product,pc,ad,2026-08-30 00:00:00
U217,2026-08-30 11:20:00,visit,pc,search,2026-08-30 00:00:00
U217,2026-08-30 11:30:00,view_product,pc,search,2026-08-30 00:00:00
U217,2026-08-30 11:33:00,add_cart,pc,search,2026-08-30 00:00:00
U217,2026-08-30 11:39:00,begin_checkout,pc,search,2026-08-30 00:00:00
U129,2026-08-30 12:13:00,visit,mobile,ad,2026-08-23 00:00:00
U240,2026-08-30 12:31:00,visit,pc,referral,2026-08-30 00:00:00
U240,2026-08-30 12:35:00,view_product,pc,referral,2026-08-30 00:00:00
U240,2026-08-30 12:42:00,add_cart,pc,referral,2026-08-30 00:00:00
U240,2026-08-30 12:43:00,begin_checkout,pc,referral,2026-08-30 00:00:00
U216,2026-08-30 12:53:00,visit,mobile,search,2026-08-30 00:00:00
U216,2026-08-30 13:01:00,view_product,mobile,search,2026-08-30 00:00:00
U216,2026-08-30 13:07:00,add_cart,mobile,search,2026-08-30 00:00:00
U216,2026-08-30 13:08:00,begin_checkout,mobile,search,2026-08-30 00:00:00
U216,2026-08-30 13:11:00,purchase,mobile,search,2026-08-30 00:00:00
U216,2026-08-30 13:18:00,share,mobile,search,2026-08-30 00:00:00
U163,2026-08-30 14:18:00,visit,mobile,referral,2026-08-23 00:00:00
U231,2026-08-30 15:13:00,visit,pc,search,2026-08-30 00:00:00
U231,2026-08-30 15:17:00,view_product,pc,search,2026-08-30 00:00:00
U231,2026-08-30 15:23:00,add_cart,pc,search,2026-08-30 00:00:00
U213,2026-08-30 15:27:00,visit,pc,ad,2026-08-30 00:00:00
U231,2026-08-30 15:27:00,begin_checkout,pc,search,2026-08-30 00:00:00
U231,2026-08-30 15:33:00,purchase,pc,search,2026-08-30 00:00:00
U135,2026-08-30 16:40:00,visit,mobile,ad,2026-08-23 00:00:00
U233,2026-08-30 18:10:00,visit,mobile,ad,2026-08-30 00:00:00
U233,2026-08-30 18:13:00,view_product,mobile,ad,2026-08-30 00:00:00
U233,2026-08-30 18:22:00,add_cart,mobile,ad,2026-08-30 00:00:00
U233,2026-08-30 18:28:00,begin_checkout,mobile,ad,2026-08-30 00:00:00
U191,2026-08-30 18:30:00,visit,pc,ad,2026-08-29 00:00:00
U213,2026-08-31 11:05:00,visit,pc,ad,2026-08-30 00:00:00
U231,2026-08-31 11:47:00,visit,pc,search,2026-08-30 00:00:00
U217,2026-08-31 12:24:00,visit,pc,search,2026-08-30 00:00:00
U225,2026-08-31 13:23:00,visit,mobile,referral,2026-08-24 00:00:00
U186,2026-08-31 16:32:00,visit,mobile,ad,2026-08-24 00:00:00
U159,2026-08-31 16:54:00,visit,mobile,search,2026-08-17 00:00:00
U171,2026-09-01 12:53:00,visit,mobile,ad,2026-08-18 00:00:00
U227,2026-09-01 16:14:00,visit,pc,referral,2026-08-25 00:00:00
U133,2026-09-01 21:42:00,visit,pc,search,2026-08-18 00:00:00
U184,2026-09-02 09:14:00,visit,pc,ad,2026-08-26 00:00:00
U190,2026-09-02 10:00:00,visit,mobile,ad,2026-08-26 00:00:00
U197,2026-09-02 21:33:00,visit,mobile,search,2026-08-26 00:00:00
U228,2026-09-03 11:11:00,visit,mobile,ad,2026-08-27 00:00:00
U181,2026-09-03 14:58:00,visit,mobile,search,2026-08-27 00:00:00
U206,2026-09-03 16:39:00,visit,pc,referral,2026-08-27 00:00:00
U224,2026-09-04 11:53:00,visit,mobile,search,2026-08-28 00:00:00
U193,2026-09-04 14:17:00,visit,mobile,referral,2026-08-28 00:00:00
U160,2026-09-04 14:53:00,visit,mobile,referral,2026-08-21 00:00:00
U132,2026-09-05 13:40:00,visit,mobile,search,2026-08-22 00:00:00
U240,2026-09-06 09:20:00,visit,pc,referral,2026-08-30 00:00:00
U173,2026-09-06 21:37:00,visit,pc,referral,2026-08-23 00:00:00
U213,2026-09-06 21:47:00,visit,pc,ad,2026-08-30 00:00:00
U205,2026-09-09 12:47:00,visit,pc,search,2026-08-26 00:00:00
U196,2026-09-09 19:25:00,visit,mobile,search,2026-08-26 00:00:00
U203,2026-09-11 19:38:00,visit,mobile,search,2026-08-28 00:00:00
U221,2026-09-12 18:30:00,visit,pc,search,2026-08-29 00:00:00
U199,2026-09-12 20:16:00,visit,pc,search,2026-08-29 00:00:00
U231,2026-09-13 12:59:00,visit,pc,search,2026-08-30 00:00:00
